IF NOT EXISTS (SELECT 1 FROM TipUplate)
BEGIN
SET IDENTITY_INSERT [dbo].[Kurs] ON 

INSERT [dbo].[Kurs] ([Id], [Naziv], [SkraceniNaziv], [Opis]) VALUES (1, N'Algebra 1', N'ALG1', N'ALG1')

INSERT [dbo].[Kurs] ([Id], [Naziv], [SkraceniNaziv], [Opis]) VALUES (2, N'Algebra 2', N'ALG2', N'This course is designed to build on algebraic and geometric concepts.  It develops advanced algebra skills such as systems of equations, advanced polynomials, imaginary and complex numbers, quadratics, and concepts and includes the study of trinometric functions.  It also introduces matrices and their properties.  The content of this course are important for students’ success on both the ACT and college mathematics entrance exams.')

INSERT [dbo].[Kurs] ([Id], [Naziv], [SkraceniNaziv], [Opis]) VALUES (3, N'Alritmi i strukture u programiranju', N'ASP', N'Course covers analysis and design of fundamental data structures and engages learners to use data structures as tools to alrithmically design efficient computer programs that will cope with the complexity of actual applications.
The course focuses on basic and essential topics in data structures, including array-based lists, linked lists, skiplists, hash tables, recursion, binary trees, scapeat trees, red–black trees, heaps, sorting alrithms, graphs, and binary trie.')

INSERT [dbo].[Kurs] ([Id], [Naziv], [SkraceniNaziv], [Opis]) VALUES (4, N'Statistika', N'STAT', N'STAT 101 is an introductory course in statistics intended for students in a wide variety of areas of study. Topics discussed include displaying and describing data, the normal curve, regression, probability, statistical inference, confidence intervals, and hypothesis tests with applications in the real world. Students also have the opportunity to analyze data sets using technology in their weekly laboratory discussions.')

INSERT [dbo].[Kurs] ([Id], [Naziv], [SkraceniNaziv], [Opis]) VALUES (5, N'Kompjuterske mreže', N'KM', N'This class will cover the theory, design, engineering, and installation of networks to
connect digital computers. The course will prepare students to plan and implement a
network. Also includes peer-to-peer networks, the client-server model, network
operating systems, and an introduction to wide-area networks.')

INSERT [dbo].[Kurs] ([Id], [Naziv], [SkraceniNaziv], [Opis]) VALUES (6, N'Engleski Jezik 1', N'ENG1', N'Razvijanje osnovnih jezičkih vještina, sa posebnim naglaskom na
vornu/komunikacijsku vještinu. Nastavni materijal koji se obrađuje u okviru ovog
predmeta je većim dijelom stručnog - informatičkog sadržaja, u cilju upoznavanja
sa osnovnom terminologijom iz oblasti informacijskih tehnologija i osposobljavanja
studenata za adekvatno korištenje stručne literature na engleskom jeziku.')

INSERT [dbo].[Kurs] ([Id], [Naziv], [SkraceniNaziv], [Opis]) VALUES (7, N'Digitalna Ekonomija', N'DG', N'The digitization of the economy is one of the most critical issues of our time. Digital technologies has transformed businesses and peoples life, and will continue to do so in the future. This course is about digital economics and how the digital economy influences markets and the society. We learn about how the Internet, mobile communications, the sharing economy, social media, and cryptocurrencies impact global businesses.')

INSERT [dbo].[Kurs] ([Id], [Naziv], [SkraceniNaziv], [Opis]) VALUES (8, N'Japanski jezik', N'JPJ', N'Japanese (About this soundlisten)) is an East Asian language spoken by about 128 million people, primarily in Japan, where it is the national language. It is a member of the Japonic (or Japanese-Ryukyuan) language family, and its relation to other languages, such as Korean, is debated. Japonic languages have been grouped with other language families such as Ainu, Austroasiatic, and the now-discredited Altaic, but none of these proposals has gained widespread acceptance.')

INSERT [dbo].[Kurs] ([Id], [Naziv], [SkraceniNaziv], [Opis]) VALUES (9, N'Data Science: R Basics', N'DS-R', N'R is a programming language and free software environment for statistical computing and graphics supported by the R Foundation for Statistical Computing.[6] The R language is widely used among statisticians and data miners for developing statistical software[7] and data analysis.[8] Polls, data mining surveys, and studies of scholarly literature databases show substantial increases in popularity')

INSERT [dbo].[Kurs] ([Id], [Naziv], [SkraceniNaziv], [Opis]) VALUES (10, N'Data Science: Probability', N'DS-P', N'Probability is the branch of mathematics concerning numerical descriptions of how likely an event is to occur or how likely it is that a proposition is true. The probability of an event is a number between 0 and 1, where, roughly speaking, 0 indicates impossibility of the event and 1 indicates certainty.')

INSERT [dbo].[Kurs] ([Id], [Naziv], [SkraceniNaziv], [Opis]) VALUES (11, N'Cryptocurrencies', N'Cryp', N'A cryptocurrency (or crypto currency) is a digital asset designed to work as a medium of exchange wherein individual coin ownership records are stored in a digital ledger or computerized database using strong cryptography to secure transaction record entries, to control the creation of additional digital coin records, and to verify the transfer of coin ownership.[1][2] It typically does not exist in physical form (like paper money) and is typically not issued by a central authority. ')

SET IDENTITY_INSERT [dbo].[Kurs] OFF

SET IDENTITY_INSERT [dbo].[Tag] ON 

INSERT [dbo].[Tag] ([Id], [Naziv]) VALUES (1, N'Filozofija')

INSERT [dbo].[Tag] ([Id], [Naziv]) VALUES (2, N'IT')

INSERT [dbo].[Tag] ([Id], [Naziv]) VALUES (3, N'Historija')

INSERT [dbo].[Tag] ([Id], [Naziv]) VALUES (4, N'Jezik')

INSERT [dbo].[Tag] ([Id], [Naziv]) VALUES (5, N'Matematika')

INSERT [dbo].[Tag] ([Id], [Naziv]) VALUES (6, N'Ekonomija')

INSERT [dbo].[Tag] ([Id], [Naziv]) VALUES (7, N'Muzika')

SET IDENTITY_INSERT [dbo].[Tag] OFF

INSERT [dbo].[KursTag] ([KursId], [TagId]) VALUES (3, 2)

INSERT [dbo].[KursTag] ([KursId], [TagId]) VALUES (4, 2)

INSERT [dbo].[KursTag] ([KursId], [TagId]) VALUES (5, 2)

INSERT [dbo].[KursTag] ([KursId], [TagId]) VALUES (7, 2)

INSERT [dbo].[KursTag] ([KursId], [TagId]) VALUES (9, 2)

INSERT [dbo].[KursTag] ([KursId], [TagId]) VALUES (10, 2)

INSERT [dbo].[KursTag] ([KursId], [TagId]) VALUES (11, 2)

INSERT [dbo].[KursTag] ([KursId], [TagId]) VALUES (6, 4)

INSERT [dbo].[KursTag] ([KursId], [TagId]) VALUES (8, 4)

INSERT [dbo].[KursTag] ([KursId], [TagId]) VALUES (1, 5)

INSERT [dbo].[KursTag] ([KursId], [TagId]) VALUES (2, 5)

INSERT [dbo].[KursTag] ([KursId], [TagId]) VALUES (3, 5)

INSERT [dbo].[KursTag] ([KursId], [TagId]) VALUES (4, 5)

INSERT [dbo].[KursTag] ([KursId], [TagId]) VALUES (9, 5)

INSERT [dbo].[KursTag] ([KursId], [TagId]) VALUES (10, 5)

INSERT [dbo].[KursTag] ([KursId], [TagId]) VALUES (7, 6)

SET IDENTITY_INSERT [dbo].[Opcina] ON 

INSERT [dbo].[Opcina] ([Id], [Naziv]) VALUES (1, N'Berkovići')

INSERT [dbo].[Opcina] ([Id], [Naziv]) VALUES (2, N'Osmaci')

INSERT [dbo].[Opcina] ([Id], [Naziv]) VALUES (3, N'Oštra Luka')

INSERT [dbo].[Opcina] ([Id], [Naziv]) VALUES (4, N'Pale (FBiH)')

INSERT [dbo].[Opcina] ([Id], [Naziv]) VALUES (5, N'Pale (RS)')

INSERT [dbo].[Opcina] ([Id], [Naziv]) VALUES (6, N'Pelagićevo')

INSERT [dbo].[Opcina] ([Id], [Naziv]) VALUES (7, N'Petrovac')

INSERT [dbo].[Opcina] ([Id], [Naziv]) VALUES (8, N'Orašje')

INSERT [dbo].[Opcina] ([Id], [Naziv]) VALUES (9, N'Petrovo')

INSERT [dbo].[Opcina] ([Id], [Naziv]) VALUES (10, N'Prijedor')

INSERT [dbo].[Opcina] ([Id], [Naziv]) VALUES (11, N'Prnjavor')

INSERT [dbo].[Opcina] ([Id], [Naziv]) VALUES (12, N'Prozor-Rama')

INSERT [dbo].[Opcina] ([Id], [Naziv]) VALUES (13, N'Ravno')

INSERT [dbo].[Opcina] ([Id], [Naziv]) VALUES (14, N'Ribnik')

INSERT [dbo].[Opcina] ([Id], [Naziv]) VALUES (15, N'Rogatica')

INSERT [dbo].[Opcina] ([Id], [Naziv]) VALUES (16, N'Posušje')

INSERT [dbo].[Opcina] ([Id], [Naziv]) VALUES (17, N'Rudo')

INSERT [dbo].[Opcina] ([Id], [Naziv]) VALUES (18, N'Olovo')

INSERT [dbo].[Opcina] ([Id], [Naziv]) VALUES (19, N'Novo Sarajevo')

INSERT [dbo].[Opcina] ([Id], [Naziv]) VALUES (20, N'Lukavac')

INSERT [dbo].[Opcina] ([Id], [Naziv]) VALUES (21, N'Ljubinje')

INSERT [dbo].[Opcina] ([Id], [Naziv]) VALUES (22, N'Ljubuški')

INSERT [dbo].[Opcina] ([Id], [Naziv]) VALUES (23, N'Maglaj')

INSERT [dbo].[Opcina] ([Id], [Naziv]) VALUES (24, N'Milići')

INSERT [dbo].[Opcina] ([Id], [Naziv]) VALUES (25, N'Modriča')

INSERT [dbo].[Opcina] ([Id], [Naziv]) VALUES (26, N'Odžak')

INSERT [dbo].[Opcina] ([Id], [Naziv]) VALUES (27, N'Mostar')

INSERT [dbo].[Opcina] ([Id], [Naziv]) VALUES (28, N'Neum')

INSERT [dbo].[Opcina] ([Id], [Naziv]) VALUES (29, N'Nevesinje')

INSERT [dbo].[Opcina] ([Id], [Naziv]) VALUES (30, N'Novi Grad')

INSERT [dbo].[Opcina] ([Id], [Naziv]) VALUES (31, N'Novi Grad (Sarajevo)')

INSERT [dbo].[Opcina] ([Id], [Naziv]) VALUES (32, N'Novi Travnik')

INSERT [dbo].[Opcina] ([Id], [Naziv]) VALUES (33, N'Novo ražde')

INSERT [dbo].[Opcina] ([Id], [Naziv]) VALUES (34, N'Mrkonjić Grad')

INSERT [dbo].[Opcina] ([Id], [Naziv]) VALUES (35, N'Sanski Most')

INSERT [dbo].[Opcina] ([Id], [Naziv]) VALUES (36, N'Sapna')

INSERT [dbo].[Opcina] ([Id], [Naziv]) VALUES (37, N'Sarajevo')

INSERT [dbo].[Opcina] ([Id], [Naziv]) VALUES (38, N'Tuzla')

INSERT [dbo].[Opcina] ([Id], [Naziv]) VALUES (39, N'Ugljevik')

INSERT [dbo].[Opcina] ([Id], [Naziv]) VALUES (40, N'Usora')

INSERT [dbo].[Opcina] ([Id], [Naziv]) VALUES (41, N'Vareš')

INSERT [dbo].[Opcina] ([Id], [Naziv]) VALUES (42, N'Velika Kladuša')

INSERT [dbo].[Opcina] ([Id], [Naziv]) VALUES (43, N'Visoko')

INSERT [dbo].[Opcina] ([Id], [Naziv]) VALUES (44, N'Trnovo (RS)')

INSERT [dbo].[Opcina] ([Id], [Naziv]) VALUES (45, N'Višegrad')

INSERT [dbo].[Opcina] ([Id], [Naziv]) VALUES (46, N'Vlasenica')

INSERT [dbo].[Opcina] ([Id], [Naziv]) VALUES (47, N'Vošća')

INSERT [dbo].[Opcina] ([Id], [Naziv]) VALUES (48, N'Vukosavlje')

INSERT [dbo].[Opcina] ([Id], [Naziv]) VALUES (49, N'Zavidovići')

INSERT [dbo].[Opcina] ([Id], [Naziv]) VALUES (50, N'Zenica')

INSERT [dbo].[Opcina] ([Id], [Naziv]) VALUES (51, N'Zvornik')

INSERT [dbo].[Opcina] ([Id], [Naziv]) VALUES (52, N'Vitez')

INSERT [dbo].[Opcina] ([Id], [Naziv]) VALUES (53, N'Trnovo (FBiH)')

INSERT [dbo].[Opcina] ([Id], [Naziv]) VALUES (54, N'Trebinje')

INSERT [dbo].[Opcina] ([Id], [Naziv]) VALUES (55, N'Travnik')

INSERT [dbo].[Opcina] ([Id], [Naziv]) VALUES (56, N'Sokolac')

INSERT [dbo].[Opcina] ([Id], [Naziv]) VALUES (57, N'Srbac')

INSERT [dbo].[Opcina] ([Id], [Naziv]) VALUES (58, N'Srebrenica')

INSERT [dbo].[Opcina] ([Id], [Naziv]) VALUES (59, N'Srebrenik')

INSERT [dbo].[Opcina] ([Id], [Naziv]) VALUES (60, N'Stanari')

INSERT [dbo].[Opcina] ([Id], [Naziv]) VALUES (61, N'Stari Grad')

INSERT [dbo].[Opcina] ([Id], [Naziv]) VALUES (62, N'Stolac')

INSERT [dbo].[Opcina] ([Id], [Naziv]) VALUES (63, N'Šamac')

INSERT [dbo].[Opcina] ([Id], [Naziv]) VALUES (64, N'Šekovići')

INSERT [dbo].[Opcina] ([Id], [Naziv]) VALUES (65, N'Šipovo')

INSERT [dbo].[Opcina] ([Id], [Naziv]) VALUES (66, N'Široki Brijeg')

INSERT [dbo].[Opcina] ([Id], [Naziv]) VALUES (67, N'Teočak')

INSERT [dbo].[Opcina] ([Id], [Naziv]) VALUES (68, N'Teslić')

INSERT [dbo].[Opcina] ([Id], [Naziv]) VALUES (69, N'Tešanj')

INSERT [dbo].[Opcina] ([Id], [Naziv]) VALUES (70, N'Tomislavgrad')

INSERT [dbo].[Opcina] ([Id], [Naziv]) VALUES (71, N'Lopare')

INSERT [dbo].[Opcina] ([Id], [Naziv]) VALUES (72, N'Žepče')

INSERT [dbo].[Opcina] ([Id], [Naziv]) VALUES (73, N'Livno')

INSERT [dbo].[Opcina] ([Id], [Naziv]) VALUES (74, N'Kupres (RS)')

INSERT [dbo].[Opcina] ([Id], [Naziv]) VALUES (75, N'Čapljina')

INSERT [dbo].[Opcina] ([Id], [Naziv]) VALUES (76, N'Čelić')

INSERT [dbo].[Opcina] ([Id], [Naziv]) VALUES (77, N'Čelinac')

INSERT [dbo].[Opcina] ([Id], [Naziv]) VALUES (78, N'Čitluk')

INSERT [dbo].[Opcina] ([Id], [Naziv]) VALUES (79, N'Derventa')

INSERT [dbo].[Opcina] ([Id], [Naziv]) VALUES (80, N'Doboj')

INSERT [dbo].[Opcina] ([Id], [Naziv]) VALUES (81, N'Čajniče')

INSERT [dbo].[Opcina] ([Id], [Naziv]) VALUES (82, N'Doboj-Istok')

INSERT [dbo].[Opcina] ([Id], [Naziv]) VALUES (83, N'Dobretići')

INSERT [dbo].[Opcina] ([Id], [Naziv]) VALUES (84, N'Domaljevac-Šamac')

INSERT [dbo].[Opcina] ([Id], [Naziv]) VALUES (85, N'Donji Vakuf')

INSERT [dbo].[Opcina] ([Id], [Naziv]) VALUES (86, N'Donji Žabar')

INSERT [dbo].[Opcina] ([Id], [Naziv]) VALUES (87, N'Drvar')

INSERT [dbo].[Opcina] ([Id], [Naziv]) VALUES (88, N'Foča (FBiH)')

INSERT [dbo].[Opcina] ([Id], [Naziv]) VALUES (89, N'Doboj-Jug')

INSERT [dbo].[Opcina] ([Id], [Naziv]) VALUES (90, N'Foča (RS)')

INSERT [dbo].[Opcina] ([Id], [Naziv]) VALUES (91, N'Centar')

INSERT [dbo].[Opcina] ([Id], [Naziv]) VALUES (92, N'Bužim')

INSERT [dbo].[Opcina] ([Id], [Naziv]) VALUES (93, N'Banja Luka')

INSERT [dbo].[Opcina] ([Id], [Naziv]) VALUES (94, N'Banovići')

INSERT [dbo].[Opcina] ([Id], [Naziv]) VALUES (95, N'Bihać')

INSERT [dbo].[Opcina] ([Id], [Naziv]) VALUES (96, N'Bijeljina')

INSERT [dbo].[Opcina] ([Id], [Naziv]) VALUES (97, N'Bileća')

INSERT [dbo].[Opcina] ([Id], [Naziv]) VALUES (98, N'Bosanska Krupa')

INSERT [dbo].[Opcina] ([Id], [Naziv]) VALUES (99, N'Cazin')

INSERT [dbo].[Opcina] ([Id], [Naziv]) VALUES (100, N'Bosanski Petrovac')

INSERT [dbo].[Opcina] ([Id], [Naziv]) VALUES (101, N'Bratunac')

INSERT [dbo].[Opcina] ([Id], [Naziv]) VALUES (102, N'Brčko')

INSERT [dbo].[Opcina] ([Id], [Naziv]) VALUES (103, N'Breza')

INSERT [dbo].[Opcina] ([Id], [Naziv]) VALUES (104, N'Brod')

INSERT [dbo].[Opcina] ([Id], [Naziv]) VALUES (105, N'Bujno')

INSERT [dbo].[Opcina] ([Id], [Naziv]) VALUES (106, N'Busovača')

INSERT [dbo].[Opcina] ([Id], [Naziv]) VALUES (107, N'Bosansko Grahovo')

INSERT [dbo].[Opcina] ([Id], [Naziv]) VALUES (108, N'Fojnica')

INSERT [dbo].[Opcina] ([Id], [Naziv]) VALUES (109, N'Gacko')

INSERT [dbo].[Opcina] ([Id], [Naziv]) VALUES (110, N'Glamoč')

INSERT [dbo].[Opcina] ([Id], [Naziv]) VALUES (111, N'Kakanj')

INSERT [dbo].[Opcina] ([Id], [Naziv]) VALUES (112, N'Kalesija')

INSERT [dbo].[Opcina] ([Id], [Naziv]) VALUES (113, N'Kalinovik')

INSERT [dbo].[Opcina] ([Id], [Naziv]) VALUES (114, N'Kiseljak')

INSERT [dbo].[Opcina] ([Id], [Naziv]) VALUES (115, N'Kladanj')

INSERT [dbo].[Opcina] ([Id], [Naziv]) VALUES (116, N'Ključ')

INSERT [dbo].[Opcina] ([Id], [Naziv]) VALUES (117, N'Jezero')

INSERT [dbo].[Opcina] ([Id], [Naziv]) VALUES (118, N'Kneževo')

INSERT [dbo].[Opcina] ([Id], [Naziv]) VALUES (119, N'Kostajnica')

INSERT [dbo].[Opcina] ([Id], [Naziv]) VALUES (120, N'Kotor-Varoš')

INSERT [dbo].[Opcina] ([Id], [Naziv]) VALUES (121, N'Kozarska Dubica')

INSERT [dbo].[Opcina] ([Id], [Naziv]) VALUES (122, N'Kreševo')

INSERT [dbo].[Opcina] ([Id], [Naziv]) VALUES (123, N'Krupa na Uni')

INSERT [dbo].[Opcina] ([Id], [Naziv]) VALUES (124, N'Kupres (FBiH)')

INSERT [dbo].[Opcina] ([Id], [Naziv]) VALUES (125, N'Konjic')

INSERT [dbo].[Opcina] ([Id], [Naziv]) VALUES (126, N'Jajce')

INSERT [dbo].[Opcina] ([Id], [Naziv]) VALUES (127, N'Jablanica')

INSERT [dbo].[Opcina] ([Id], [Naziv]) VALUES (128, N'Istočno Sarajevo')

INSERT [dbo].[Opcina] ([Id], [Naziv]) VALUES (129, N'ražde')

INSERT [dbo].[Opcina] ([Id], [Naziv]) VALUES (130, N'rnji Vakuf-Uskoplje')

INSERT [dbo].[Opcina] ([Id], [Naziv]) VALUES (131, N'Gračanica')

INSERT [dbo].[Opcina] ([Id], [Naziv]) VALUES (132, N'Gradačac')

INSERT [dbo].[Opcina] ([Id], [Naziv]) VALUES (133, N'Gradiška')

INSERT [dbo].[Opcina] ([Id], [Naziv]) VALUES (134, N'Grude')

INSERT [dbo].[Opcina] ([Id], [Naziv]) VALUES (135, N'Hadžići')

INSERT [dbo].[Opcina] ([Id], [Naziv]) VALUES (136, N'Han-Pijesak')

INSERT [dbo].[Opcina] ([Id], [Naziv]) VALUES (137, N'Ilidža')

INSERT [dbo].[Opcina] ([Id], [Naziv]) VALUES (138, N'Ilijaš')

INSERT [dbo].[Opcina] ([Id], [Naziv]) VALUES (139, N'Istočna Ilidža')

INSERT [dbo].[Opcina] ([Id], [Naziv]) VALUES (140, N'Istočni Drvar')

INSERT [dbo].[Opcina] ([Id], [Naziv]) VALUES (141, N'Istočni Mostar')

INSERT [dbo].[Opcina] ([Id], [Naziv]) VALUES (142, N'Istočni Stari Grad')

INSERT [dbo].[Opcina] ([Id], [Naziv]) VALUES (143, N'Istočno Novo Sarajevo')

INSERT [dbo].[Opcina] ([Id], [Naziv]) VALUES (144, N'Laktaši')

INSERT [dbo].[Opcina] ([Id], [Naziv]) VALUES (145, N'Živinice')

SET IDENTITY_INSERT [dbo].[Opcina] OFF

SET IDENTITY_INSERT [dbo].[ApplicationUser] ON 

INSERT [dbo].[ApplicationUser] ([Id], [Email], [Username], [PasswordHash], [PasswordSalt], [Slika], [Ime], [Prezime], [DatumRodjenja], [OpcinaId], [JMBG], [Spol], [DatumRegistracije], [Active]) VALUES (1, N'osoblje@user.com', N'administrativnoOsoblje', N'Qx+8APMxTi+3z7rAi4cr7w==', N'4MDzEbW7FZxGG0kEoSy8dg==', 0x89504E470D0A1A0A0000000D494844520000006400000064080600000070E29554000000017352474200AECE1CE90000000467414D410000B18F0BFC6105000000097048597300000EC300000EC301C76FA8640000055449444154785EED9D4D28A57F14C7D9A0AC2C94D746578405121B2BC52C848D524A59CCDA8262A1A48832111652160C165E16664A2959B251CAC2080B6F258A94BC252FE3F7FF1F9D99FF9DE67031F739E7FCEEFFF7ADCF46977BCEF9743DCF7D5E7E4F9809C15C5C5C98AAAA2A333333833FB1272121E4F1F1D11C1C1C98BEBE3E131616F68BBDBD3D7C853DB15AC8CDCD8D999C9C34050505BF89007C3E9FF9F1E307BED29E5829647B7BDB94959599C8C8C83F44FC242B2BEBE993635BAC1232353565C2C3C34901141B1B1BF89BF644BD90CDCD4D535959490EFC35B4B7B79BD3D353FC6BFAA352C8C3C383999E9E36191919E490DF434E4E8EE9ECEC34ABABABE6FEFE1EDF495FD40919181830F1F1F1E45083454C4C8CC9CDCD35A3A3A3EAE4A811F2EDDBB7376D1F82495A5A9AB9BDBDC54A64232EE4FCFCDCA4A4A49083E2A6B7B717AB928BA810D80B92FA543C4779793956271331213B3B3B262A2A8A1C8A3425252558257F4484C0FFEB97BED469A0B5B515ABE58D8890BABA3A7208DA383C3CC48AF92222846A5E23D5D5D558315FD8850C0D0D91CD6B853BECEFA86DAF2A10DCDF4F9C9000C0E17DCE3821018083939C61174235AD99B6B636AC9C274E48009C106584BC10DBB6211D1D1D58394F9C90003821CA704294E18428A3ABAB0B2BE7891312002744194E88323E7FFE8C95F3C409098013A20C2744194E8832425E08D5B466E0426FCEB00981DBCC8A8A8AC8A6B5333C3C8C5D781F3621C5C5C564B3B6B0B2B2829D781B3621703520D5A82D2C2E2E6227DE864D48636323D9A80DC08EC8D9D91976E26DD884CCCECE92CDDA00DCAFC275BF229B90A3A323B2591BC8CBCBC32EBC0F9B90BBBBBBA73B97A886B5D3D0D0805D781F362190CCCC4CB261EDCCCFCF6307DE875508DC5B4E35AC9DABAB2BECC0FBB00A81CB32A986B5C319D67783FBC5A986B5C319DE77FB3754C39A09F90BE56C3B9EC57D1F3BBB1008D5B856B8E384BCC0C8C80856CC171121858585E400B4F1FDFB77AC982F2242FAFBFBC9016883EB80A27F4484C0B9056A009A888B8BC36A792322E4FAFADA4444449083D04253531356CB1B1121909A9A1A72105AD8DDDDC54A79232604D64DA406A10158EC4C2A6242205AF7B62436E63F232A0496F2A306224973733356271351211058EC981A8C04D9D9D958955CC48540A8E148C07922EAB938217ECCCDCD6145727142FCE8E9E9C18AE4E284F8515F5F8F15C9C509F1E3E3C78F58915CC485C0E541D470A4908E7805F0DC0F6A30524847BC82AF5FBF928391423AE215242626928391626B6B0B2B93899810B8D6373A3A9A1C8A34F0FC2AA98808816358A9A9A9E430B4303E3E8ED5F24644C8FAFA3A39044D481D821711D2D2D2420E411BC7C7C758315F448450CD6B646262022BE60BBB106D5F045F029E6BC21D56212727274FCFE7A09AD74A482EA40CCB757FFAF449FD9526CFF1E1C307B3B0B080DD781BCF85C07338A8266D04EEC6BDBCBCC4CEBC892742E01361DB5310DE427272F2D3F315BD48D0857CF9F2C5C4C6C6928D841A151515667F7F1F3B0F4E8226044E7F2625259185873AA5A5A54F6BB904237F2D04F69C6C5B72C92B6A6B6B712AEFCFBB85ACADAD99848404B2B0FF3B701BDC7B37FE6F16029780C2A94EAA10C77FC053E8BABBBB716AAFCFAB85C01DB44EC4DB81D52B060707718A81F32A21707E807A33C7EB81EDECF2F2324EF4F93C2B049E516BCB5159DB585A5AC229FF195288CD6B5BD9023C2B9E5A14ED3721B0B6A0D6D3AAA10A9C08F3DF23FB25C4E6F5AC6C273F3F1F2DF809818F0FF56287F7F87C3EB4E084A8C009518613A20C2744194E88329C10653821CA704294410AB161859E50253D3D1D2DF809812BD2E1FA23EA171CDE32363686168CF907A543E48DB4D13A780000000049454E44AE426082, N'Charlie', N'Rogers', CAST(N'1995-01-01T00:00:00.0000000' AS DateTime2), 1, N'1111111111111', N'M', CAST(N'2020-06-10T23:04:30.6670480' AS DateTime2), 1)

INSERT [dbo].[ApplicationUser] ([Id], [Email], [Username], [PasswordHash], [PasswordSalt], [Slika], [Ime], [Prezime], [DatumRodjenja], [OpcinaId], [JMBG], [Spol], [DatumRegistracije], [Active]) VALUES (2, N'Jackie@mobile.com', N'mobile', N'9Mwyh3SVbAhpPupUjD0NSw==', N'bz1shEQoAbxWBV/+Z0OReA==', 0xFFD8FFE000104A4649460001010100F000F00000FFE110C44578696600004D4D002A000000080008010F0002000000120000006E011000020000000C00000080011A0005000000010000008C011B00050000000100000094012800030000000100020000013100020000000B0000009C0132000200000014000000A88769000400000001000000BC000003004E494B4F4E20434F52504F524154494F4E004E494B4F4E20443332303000000000F000000001000000F00000000147494D5020322E382E360000323031343A30333A31312031303A33303A3133000025829A0005000000010000027E829D0005000000010000028688220003000000010001000088270003000000010064000090000007000000043032333090030002000000140000028E9004000200000014000002A29201000A00000001000002B69202000500000001000002BE9204000A00000001000002C69205000500000001000002CE920700030000000100050000920800030000000100000000920900030000000100000000920A000500000001000002D6929100020000000332300000929200020000000332300000A00000070000000430313030A001000300000001FFFF0000A20E000500000001000002DEA20F000500000001000002E6A21000030000000100040000A21700030000000100020000A30000070000000103000000A30100070000000101000000A302000700000008000002EEA40100030000000100010000A40200030000000100010000A40300030000000100000000A404000500000001000002F6A40500030000000100520000A40600030000000100000000A40700030000000100000000A40800030000000100000000A40900030000000100000000A40A00030000000100000000A40C0003000000010000000000000000000000300000000A0000000400000001323031333A30373A30382031383A31343A323800323031333A30373A30382031383A31343A323800FFDD7806000F424000000004000000010000000000000006000000280000000A000002260000000A0081C33A000080000081C33A000080000200020000010102000000010000000100000006010300030000000100060000011A0005000000010000034E011B0005000000010000035601280003000000010002000002010004000000010000035E020200040000000100000D5D0000000000000048000000010000004800000001FFD8FFDB004300080606070605080707070909080A0C140D0C0B0B0C1912130F141D1A1F1E1D1A1C1C20242E2720222C231C1C2837292C30313434341F27393D38323C2E333432FFDB0043010909090C0B0C180D0D1832211C213232323232323232323232323232323232323232323232323232323232323232323232323232323232323232323232323232FFC0001108008200C403012100021101031101FFC4001F0000010501010101010100000000000000000102030405060708090A0BFFC400B5100002010303020403050504040000017D01020300041105122131410613516107227114328191A1082342B1C11552D1F02433627282090A161718191A25262728292A3435363738393A434445464748494A535455565758595A636465666768696A737475767778797A838485868788898A92939495969798999AA2A3A4A5A6A7A8A9AAB2B3B4B5B6B7B8B9BAC2C3C4C5C6C7C8C9CAD2D3D4D5D6D7D8D9DAE1E2E3E4E5E6E7E8E9EAF1F2F3F4F5F6F7F8F9FAFFC4001F0100030101010101010101010000000000000102030405060708090A0BFFC400B51100020102040403040705040400010277000102031104052131061241510761711322328108144291A1B1C109233352F0156272D10A162434E125F11718191A262728292A35363738393A434445464748494A535455565758595A636465666768696A737475767778797A82838485868788898A92939495969798999AA2A3A4A5A6A7A8A9AAB2B3B4B5B6B7B8B9BAC2C3C4C5C6C7C8C9CAD2D3D4D5D6D7D8D9DAE2E3E4E5E6E7E8E9EAF2F3F4F5F6F7F8F9FAFFDA000C03010002110311003F00F4844AB28B4016156A655A00900A781400F14F02801D4500145001450025331400949400C34D340098AF9BBC5B0DCCDE33123DBCA623AD4B264A1C15CC4A0FD3E53401C72C3F68B1B64C90D737A54E7E8B8FFD08D2DCCDE6D9CCF8F99EF09FD3FF00AF401F5A68EBFF00124B0FFAF68FFF004114500448956156802655A940A00701520A007814A2801696800A280131450025211400D34868010D466801AE42C6CC7A019AF97F53BC64F155BBC4ECAB35D4F2FCAC471E749E9F4A00CDB3D57507834C66B833B3DE94C4CA25E9E5E3EF03EB4D86EA2962B53716368CB35E6D2CA190F1B73D0E3BFA5007D59A72F97A559C6FF7960407FEF91450046AB5328A00980A781400F029C05003C52D002D2E2800C52D00262928012928010D3280129A450043336C8246C67009C0AF969E0B59F51B598DFAAE2D27651344C09CF9AC0FCA0F427F4A00AB69A749049A494B9B39945CF9F913AA9C6E03EEB609FF0057E9555AC6FE0B1B1135ACC805E31CB4640E447DFF000A00FAE23188631FEC0FE5450044A2A502802514E02801E29E2801D4B400B8A5A00296801290D0025250025211400C34C6A00A3ABCDF67D1AFA71FF2CE091BF204D7CA44AAEA2AAA490BA5FE45A0CFF36A008438924D3830E05B4AC3F032FF005A974E212E34508CC9E75C624DA48C8DC076A00FACC2ED8E35FEEA814500228A9945003C0A78A0075385003A945003A8A00296801290D0025250026290D0030D30D0060F8C66F23C17ACCB90196CA52B9F50A48AF9BE6D4CADDDE24B05A4C8963101FE8EABFF003C81E5707B9EF4015E2B8B2B992D55B4F5468ECE53FB9999401991BF8B776FE745BFD84DEE93E5ADDC6C260E8842BEEF9BD723D0F6A00FAC9BAD140118A945003C53C5003C5281400B4E1400EA2800A2800A28018692800A69A0061A61A00E53E23BAA7C3FD5B73AA06876F98C0E17240EC09EF5F3EDD58C52EA3AE986F6CDB72796ABBCA6DC4D1FF7801D050054FECBD40DE2BC3079EA2C7CBCC0C25E4C58FE127B9AB5A5C328F10F87609A2643B0A10CA473E649FE22803EA97FBE68A0068A945003853C5003C53A80169D400B4500145001450034D25002534D003290D00709F16A5DBF0F6F906499A586303D4F98A7FA57CF5A85C06935C99300C97A00C7A1329FE82802169516E2E30063FB3E203EBE5C75ADE1E9AE57C4DE1DB717137933C91168C487183291D2803EA961F31A2801A2A41400F14F1400F14A28016941A00752D00145001494005368010D34D0030D21A00E0BE2A5CBDB687A608D9D5A4D4E08F2AC57824E7F957800D62E1F4BBB67103BFDA23FBD6D19C8DB2673C73DB9A00927B9B533EA6AFA7DB30862500A96527F78A3D71D09ED5A7E187B49BC6BA0AADB4AB2A901479A0AF5247606803E9F6EB450046B528A0078A78A0078A5A005A5A00752D0014940051400DA4A004A43400CA2803CCFE2D5E429168D13AB4C12FD652B1C80152AA5B9041CF19F4AF14B78F485D20CCA6EF8B8270D6EB2007000CFCC32393DB9A00D2B8B2B7BDBFD62DA79E05D90B04315A3232953C670B820EDE49FAD3BC336657E24682E8F034424B75263994F3B573C673D4D007D38473450042A6A653400F069E2801C29F400B45002D2E6800CD19A004A28013349400869A680128A00F1EF8B4CD7777630A491A15FB63286E376210B9CF4E083D7A579859D95F45A1C5656934266BA9A432982746231E5ED0369E7A1E9EB401D1DE59CDE18D0EEAFEE9E696E757262F2233B85AC6DF7DB3D98F381EFF5AC8F0140F17C4EB182E07EF124840FC0A91FA0A00FA7CF5A2802AAB54A0D00480D381A00901A783400B4B9A00296800A2801293340066933400D2692800A64B2A410C934A711A29663E80500781FC413717B1E8F72164726CEF673B572079B21007E46B9FF0009595949A7C3A8DE21924D3862181F004D34921F2C73EE09FF003C8067E6EAE06A57936EB16778EE4797FBA240DC085039EFC7D39AD5F02EA373A87C50D2A26999A3F317AF246D8F38C9E7191401F4A1EB45005146A9D4D00480D480D00381A7E6801E0D19A005CD19A003346680109A69340099A66EA0037519A00A77DAD58E9C76CF30F3319F2C75C5711E2CF192DEE9D258D90DAB2712367923D2803CF3E20B9B69AC1209248DA1F0F432E55B0496987F89AE6B4FD62E44561149A85C095F6CC0BC85816591C60E7D571CFB7A13401135C1B3D2E491E7B09A62234DB0C31118704B64A818C74EB9CE6BA1F86ED07FC2CF5861B282130CB28592367E4038E849ED401F461EB4500662355956A00941A901A007034E06801F9A33400B9A33400668CD00266909A008659E2894B3BAAAA8C924E001EF5C6EBBF143C3BA2E631706EA61FC3174FCFBFE00D00703AA7C76B905858E9F1A0EC5B93F5CFF00F5BF2AC39BE3278A1C9612C4A02F2BB4633ED8008FC49A00C39FE23EBF732BCCF347E63F277411367F12B427C46D54C6D13DA69F3E78065B4438FC80A00E8FE206A3326A5310B1029A6D9C7E5B40A7920123047038E95C98D5112EEC5DACACDFF70198F96571D49C6D205005449AD0D8199F4F0B13CA46219D979503A6777F7ABACF858D6F3FC49B29608AE9647694C8242081C13D78A00FA40F5A28031D1AAD235004CA6A506801E0D381A005CD2E6800CD3B3400668A00A575A9C16D91B8330F4ED5CDEBDE30B6D1F4E6BEBE9764447EEA2538697E9E83DFF2CD00785F8AFE226AFAFCC62490DBDA03F2C51F03FF00D7EFD6B8D6666B824B1240E093C9A008E6E4FE18E2A67F96097DCE3FAD0043BB11E075DB8E7F0A4B38CCD771A28E5DC01401E9BF11AF922F136BA935BC13F9735AC4BBC11C79449E548E84715CCB5D69C2F5565D3F85B10018672BC9833DC377340149A6D31F4D31EDBC802C8CE0E565C9217FDDF41EB5DE7C2C5B23F11D5EDA691F7C931C345B71F2C9E84F1401F40375A28039F89855C47A009D5EA50D400E0D4F0D400F0D4ECD0019A5CD0019AE6F5CF11AC2C6D6D5B24712483F95007313EAD0DBD9DCEA37ADFE876A3919C79D2765CFEA7D857877897C4577E25D63ED372E7696CAC63A003A003B0F6A00C83B7ED03D0536224866CE3712450046C7330C9CE5AA6723EC870392DFD2802197A9E7F0AB5A04466D7B4F88756B98C7FE3C2803B4F1CDFDABEB9ADF9D691CDFF1346064566566DA08F71FA563CCDA53EA7306B69D008382B3020622F4DBFD6802A9874CB9D3EDADA29EEA391EE1802D0A91CED1C90DEDE95D47C2FBCB2D1FC6315F35D1B8896290158E172C3240CE31EFEBD71401EC3378F2F3CD3F65F0A6A92C3FC2EFE5A13F831CD1401343355D89E802C2B7BD4CAD4013034F06801E0D283400A1A9D9A00E7BC61AF8D174CDB1B62E6E3291FB0EE6BCC9B506319E49268039DF899AB1B77B4F0E42DF2DB2EE9F07EF4A796FCB85FF0080D79F211E616F4181400C271B9B9E053E0858A8390BDFFAD0031220255DED9E7271ED5626F2D6055DB93CF3FA50056690007A738EDFE7D6B6FC0B18B9F1D689111C1BD88FD3E607FA5006BF89AFEDE7B8BA69AC236F3353BA62D1B32E4E579E73546F4E992EA5AA910DCC463DDB489948C79817A6D1D8D00542BA65BC16724775740A8F306EB71C9DC7AE1B8E95634CB98748B4BAB9B7BD8E497F738F2D5C6DC4A1B3C81E82801357F12DFC3A94A1916456F9A367766254F239CD1401F40C557A2A00B515595A009454A280169F400A296803CA7E27337F6F5A8DC71F675EFEE6B9DD2B9D5AC81E7FD262EBFEF0A00F3BF1C33378DB552CC49FB4C9D4FF00B46B263FF547FDEA0007DDAB31F43F43FCA802B1FF005B4E94FCABF8FF003A00ADDBF0FE95D2FC39FF009285A0FF00D7DAD004FAE731C39FF9FF00B8FE6B59DA971A86A98E3993A7FD7514014DFEE5A7E1FF00A152C3FF0020CD43FEB947FF00A305006B592ABE9F6C5C062230324668A00FFFD900FFFE000644425000FFE1131B687474703A2F2F6E732E61646F62652E636F6D2F7861702F312E302F003C3F787061636B657420626567696E3D27EFBBBF272069643D2757354D304D7043656869487A7265537A4E54637A6B633964273F3E0D0A3C783A786D706D65746120786D6C6E733A783D2261646F62653A6E733A6D6574612F223E0D0A093C7264663A52444620786D6C6E733A7264663D22687474703A2F2F7777772E77332E6F72672F313939392F30322F32322D7264662D73796E7461782D6E7323223E0D0A09093C7264663A4465736372697074696F6E20786D6C6E733A786D703D22687474703A2F2F6E732E61646F62652E636F6D2F7861702F312E302F223E0D0A0909093C786D703A43726561746F72546F6F6C3E41646F62652050686F746F73686F70204C69676874726F6F6D20352E30202857696E646F7773293C2F786D703A43726561746F72546F6F6C3E0D0A0909093C786D703A4D6F64696679446174653E323031332D30372D31365432313A31313A35362B30323A30303C2F786D703A4D6F64696679446174653E0D0A0909093C786D703A437265617465446174653E323031332D30372D30385431383A31343A32382E32303C2F786D703A437265617465446174653E0D0A0909093C786D703A4D65746164617461446174653E323031332D30372D31365432313A31313A35362B30323A30303C2F786D703A4D65746164617461446174653E0D0A09093C2F7264663A4465736372697074696F6E3E0D0A09093C7264663A4465736372697074696F6E20786D6C6E733A6175783D22687474703A2F2F6E732E61646F62652E636F6D2F657869662F312E302F6175782F223E0D0A0909093C6175783A53657269616C4E756D6265723E383133383131383C2F6175783A53657269616C4E756D6265723E0D0A0909093C6175783A4C656E73496E666F3E3535302F313020323030302F31302034302F31302035362F31303C2F6175783A4C656E73496E666F3E0D0A0909093C6175783A4C656E733E35352E302D3230302E30206D6D20662F342E302D352E363C2F6175783A4C656E733E0D0A0909093C6175783A4C656E7349443E3134343C2F6175783A4C656E7349443E0D0A0909093C6175783A496D6167654E756D6265723E3437353C2F6175783A496D6167654E756D6265723E0D0A0909093C6175783A417070726F78696D617465466F63757344697374616E63653E3131322F3130303C2F6175783A417070726F78696D617465466F63757344697374616E63653E0D0A0909093C6175783A53657269616C4E756D6265723E383133383131383C2F6175783A53657269616C4E756D6265723E0D0A0909093C6175783A4C656E73496E666F3E3535302F313020323030302F31302034302F31302035362F31303C2F6175783A4C656E73496E666F3E0D0A0909093C6175783A4C656E733E35352E302D3230302E30206D6D20662F342E302D352E363C2F6175783A4C656E733E0D0A0909093C6175783A4C656E7349443E3134343C2F6175783A4C656E7349443E0D0A0909093C6175783A496D6167654E756D6265723E3437353C2F6175783A496D6167654E756D6265723E0D0A0909093C6175783A417070726F78696D617465466F63757344697374616E63653E3131322F3130303C2F6175783A417070726F78696D617465466F63757344697374616E63653E0D0A09093C2F7264663A4465736372697074696F6E3E0D0A09093C7264663A4465736372697074696F6E20786D6C6E733A70686F746F73686F703D22687474703A2F2F6E732E61646F62652E636F6D2F70686F746F73686F702F312E302F223E0D0A0909093C70686F746F73686F703A44617465437265617465643E323031332D30372D30385431383A31343A32382E32303C2F70686F746F73686F703A44617465437265617465643E0D0A09093C2F7264663A4465736372697074696F6E3E0D0A09093C7264663A4465736372697074696F6E20786D6C6E733A786D704D4D3D22687474703A2F2F6E732E61646F62652E636F6D2F7861702F312E302F6D6D2F223E0D0A0909093C786D704D4D3A4F726967696E616C446F63756D656E7449443E43423445463132424345364330463833343432434234354246364146313232353C2F786D704D4D3A4F726967696E616C446F63756D656E7449443E0D0A0909093C786D704D4D3A496E7374616E636549443E786D702E6969643A66656664313333622D633663342D613034632D396262362D3533393238616239313965353C2F786D704D4D3A496E7374616E636549443E0D0A0909093C786D704D4D3A446F63756D656E744944207264663A7265736F757263653D22786D702E6469643A66656664313333622D633663342D613034632D396262362D353339323861623931396535222F3E0D0A0909093C786D704D4D3A4F726967696E616C446F63756D656E7449443E43423445463132424345364330463833343432434234354246364146313232353C2F786D704D4D3A4F726967696E616C446F63756D656E7449443E0D0A0909093C786D704D4D3A496E7374616E636549443E786D702E6969643A66656664313333622D633663342D613034632D396262362D3533393238616239313965353C2F786D704D4D3A496E7374616E636549443E0D0A09093C2F7264663A4465736372697074696F6E3E0D0A09093C7264663A4465736372697074696F6E20786D6C6E733A657869663D22687474703A2F2F6E732E61646F62652E636F6D2F657869662F312E302F223E0D0A0909093C657869663A4D616B653E4E494B4F4E20434F52504F524154494F4E3C2F657869663A4D616B653E0D0A0909093C657869663A4D6F64656C3E4E494B4F4E2044333230303C2F657869663A4D6F64656C3E0D0A0909093C657869663A585265736F6C7574696F6E3E3234303C2F657869663A585265736F6C7574696F6E3E0D0A0909093C657869663A595265736F6C7574696F6E3E3234303C2F657869663A595265736F6C7574696F6E3E0D0A0909093C657869663A5265736F6C7574696F6E556E69743E496E63683C2F657869663A5265736F6C7574696F6E556E69743E0D0A0909093C657869663A536F6674776172653E47494D5020322E382E31303C2F657869663A536F6674776172653E0D0A0909093C657869663A4461746554696D653E323031343A30333A31302032323A30343A32353C2F657869663A4461746554696D653E0D0A0909093C657869663A436F6D7072657373696F6E3E4A50454720636F6D7072657373696F6E3C2F657869663A436F6D7072657373696F6E3E0D0A0909093C657869663A585265736F6C7574696F6E3E37323C2F657869663A585265736F6C7574696F6E3E0D0A0909093C657869663A595265736F6C7574696F6E3E37323C2F657869663A595265736F6C7574696F6E3E0D0A0909093C657869663A5265736F6C7574696F6E556E69743E496E63683C2F657869663A5265736F6C7574696F6E556E69743E0D0A0909093C657869663A4578706F7375726554696D653E34207365632E3C2F657869663A4578706F7375726554696D653E0D0A0909093C657869663A464E756D6265723E662F342E303C2F657869663A464E756D6265723E0D0A0909093C657869663A4578706F7375726550726F6772616D3E4D616E75616C3C2F657869663A4578706F7375726550726F6772616D3E0D0A0909093C657869663A49534F5370656564526174696E67733E0D0A090909093C7264663A5365713E0D0A09090909093C7264663A6C693E3130303C2F7264663A6C693E0D0A090909093C2F7264663A5365713E0D0A0909093C2F657869663A49534F5370656564526174696E67733E0D0A0909093C657869663A4578696656657273696F6E3E457869662056657273696F6E20322E333C2F657869663A4578696656657273696F6E3E0D0A0909093C657869663A4461746554696D654F726967696E616C3E323031333A30373A30382031383A31343A32383C2F657869663A4461746554696D654F726967696E616C3E0D0A0909093C657869663A4461746554696D654469676974697A65643E323031333A30373A30382031383A31343A32383C2F657869663A4461746554696D654469676974697A65643E0D0A0909093C657869663A53687574746572537065656456616C75653E2D322E3236204556202834207365632E293C2F657869663A53687574746572537065656456616C75653E0D0A0909093C657869663A417065727475726556616C75653E342E30302045562028662F342E30293C2F657869663A417065727475726556616C75653E0D0A0909093C657869663A4578706F737572654269617356616C75653E302E30302045563C2F657869663A4578706F737572654269617356616C75653E0D0A0909093C657869663A4D6178417065727475726556616C75653E342E30302045562028662F342E30293C2F657869663A4D6178417065727475726556616C75653E0D0A0909093C657869663A4D65746572696E674D6F64653E5061747465726E3C2F657869663A4D65746572696E674D6F64653E0D0A0909093C657869663A4C69676874536F757263653E556E6B6E6F776E3C2F657869663A4C69676874536F757263653E0D0A0909093C657869663A466C617368207264663A7061727365547970653D225265736F75726365223E0D0A0909093C2F657869663A466C6173683E0D0A0909093C657869663A466F63616C4C656E6774683E35352E30206D6D3C2F657869663A466F63616C4C656E6774683E0D0A0909093C657869663A53756253656354696D654F726967696E616C3E32303C2F657869663A53756253656354696D654F726967696E616C3E0D0A0909093C657869663A53756253656354696D654469676974697A65643E32303C2F657869663A53756253656354696D654469676974697A65643E0D0A0909093C657869663A466C61736850697856657273696F6E3E466C6173685069782056657273696F6E20312E303C2F657869663A466C61736850697856657273696F6E3E0D0A0909093C657869663A436F6C6F7253706163653E496E7465726E616C206572726F722028756E6B6E6F776E2076616C7565203635353335293C2F657869663A436F6C6F7253706163653E0D0A0909093C657869663A466F63616C506C616E65585265736F6C7574696F6E3E3235392E35323532313C2F657869663A466F63616C506C616E65585265736F6C7574696F6E3E0D0A0909093C657869663A466F63616C506C616E65595265736F6C7574696F6E3E3235392E35323532313C2F657869663A466F63616C506C616E65595265736F6C7574696F6E3E0D0A0909093C657869663A466F63616C506C616E655265736F6C7574696F6E556E69743E496E7465726E616C206572726F722028756E6B6E6F776E2076616C75652034293C2F657869663A466F63616C506C616E655265736F6C7574696F6E556E69743E0D0A0909093C657869663A53656E73696E674D6574686F643E4F6E652D6368697020636F6C6F757220617265612073656E736F723C2F657869663A53656E73696E674D6574686F643E0D0A0909093C657869663A46696C65536F757263653E4453433C2F657869663A46696C65536F757263653E0D0A0909093C657869663A5363656E65547970653E4469726563746C792070686F746F677261706865643C2F657869663A5363656E65547970653E0D0A0909093C657869663A4346415061747465726E207264663A7061727365547970653D225265736F75726365223E0D0A0909093C2F657869663A4346415061747465726E3E0D0A0909093C657869663A437573746F6D52656E64657265643E437573746F6D2070726F636573733C2F657869663A437573746F6D52656E64657265643E0D0A0909093C657869663A4578706F737572654D6F64653E4D616E75616C206578706F737572653C2F657869663A4578706F737572654D6F64653E0D0A0909093C657869663A576869746542616C616E63653E4175746F2077686974652062616C616E63653C2F657869663A576869746542616C616E63653E0D0A0909093C657869663A4469676974616C5A6F6F6D526174696F3E20313C2F657869663A4469676974616C5A6F6F6D526174696F3E0D0A0909093C657869663A466F63616C4C656E677468496E33356D6D46696C6D3E38323C2F657869663A466F63616C4C656E677468496E33356D6D46696C6D3E0D0A0909093C657869663A5363656E6543617074757265547970653E5374616E646172643C2F657869663A5363656E6543617074757265547970653E0D0A0909093C657869663A4761696E436F6E74726F6C3E4E6F726D616C3C2F657869663A4761696E436F6E74726F6C3E0D0A0909093C657869663A436F6E74726173743E4E6F726D616C3C2F657869663A436F6E74726173743E0D0A0909093C657869663A53617475726174696F6E3E4E6F726D616C3C2F657869663A53617475726174696F6E3E0D0A0909093C657869663A53686172706E6573733E4E6F726D616C3C2F657869663A53686172706E6573733E0D0A0909093C657869663A5375626A65637444697374616E636552616E67653E556E6B6E6F776E3C2F657869663A5375626A65637444697374616E636552616E67653E0D0A09093C2F7264663A4465736372697074696F6E3E0D0A093C2F7264663A5244463E0D0A3C2F783A786D706D6574613E0D0A3C3F787061636B657420656E643D2777273F3EFFE20C584943435F50524F46494C4500010100000C484C696E6F021000006D6E74725247422058595A2007CE00020009000600310000616373704D5346540000000049454320735247420000000000000000000000000000F6D6000100000000D32D4850202000000000000000000000000000000000000000000000000000000000000000000000000000000000000000000000001163707274000001500000003364657363000001840000006C77747074000001F000000014626B707400000204000000147258595A00000218000000146758595A0000022C000000146258595A0000024000000014646D6E640000025400000070646D6464000002C400000088767565640000034C0000008676696577000003D4000000246C756D69000003F8000000146D6561730000040C0000002474656368000004300000000C725452430000043C0000080C675452430000043C0000080C625452430000043C0000080C7465787400000000436F70797269676874202863292031393938204865776C6574742D5061636B61726420436F6D70616E790000646573630000000000000012735247422049454336313936362D322E31000000000000000000000012735247422049454336313936362D322E31000000000000000000000000000000000000000000000000000000000000000000000000000000000000000000000000000058595A20000000000000F35100010000000116CC58595A200000000000000000000000000000000058595A200000000000006FA2000038F50000039058595A2000000000000062990000B785000018DA58595A2000000000000024A000000F840000B6CF64657363000000000000001649454320687474703A2F2F7777772E6965632E636800000000000000000000001649454320687474703A2F2F7777772E6965632E63680000000000000000000000000000000000000000000000000000000000000000000000000000000000000000000064657363000000000000002E4945432036313936362D322E312044656661756C742052474220636F6C6F7572207370616365202D207352474200000000000000000000002E4945432036313936362D322E312044656661756C742052474220636F6C6F7572207370616365202D20735247420000000000000000000000000000000000000000000064657363000000000000002C5265666572656E63652056696577696E6720436F6E646974696F6E20696E2049454336313936362D322E3100000000000000000000002C5265666572656E63652056696577696E6720436F6E646974696F6E20696E2049454336313936362D322E31000000000000000000000000000000000000000000000000000076696577000000000013A4FE00145F2E0010CF140003EDCC0004130B00035C9E0000000158595A2000000000004C09560050000000571FE76D6561730000000000000001000000000000000000000000000000000000028F0000000273696720000000004352542063757276000000000000040000000005000A000F00140019001E00230028002D00320037003B00400045004A004F00540059005E00630068006D00720077007C00810086008B00900095009A009F00A400A900AE00B200B700BC00C100C600CB00D000D500DB00E000E500EB00F000F600FB01010107010D01130119011F0125012B01320138013E0145014C0152015901600167016E0175017C0183018B0192019A01A101A901B101B901C101C901D101D901E101E901F201FA0203020C0214021D0226022F02380241024B0254025D02670271027A0284028E029802A202AC02B602C102CB02D502E002EB02F50300030B03160321032D03380343034F035A03660372037E038A039603A203AE03BA03C703D303E003EC03F9040604130420042D043B0448045504630471047E048C049A04A804B604C404D304E104F004FE050D051C052B053A05490558056705770586059605A605B505C505D505E505F6060606160627063706480659066A067B068C069D06AF06C006D106E306F507070719072B073D074F076107740786079907AC07BF07D207E507F8080B081F08320846085A086E0882089608AA08BE08D208E708FB09100925093A094F09640979098F09A409BA09CF09E509FB0A110A270A3D0A540A6A0A810A980AAE0AC50ADC0AF30B0B0B220B390B510B690B800B980BB00BC80BE10BF90C120C2A0C430C5C0C750C8E0CA70CC00CD90CF30D0D0D260D400D5A0D740D8E0DA90DC30DDE0DF80E130E2E0E490E640E7F0E9B0EB60ED20EEE0F090F250F410F5E0F7A0F960FB30FCF0FEC1009102610431061107E109B10B910D710F511131131114F116D118C11AA11C911E81207122612451264128412A312C312E31303132313431363138313A413C513E5140614271449146A148B14AD14CE14F01512153415561578159B15BD15E0160316261649166C168F16B216D616FA171D17411765178917AE17D217F7181B18401865188A18AF18D518FA19201945196B199119B719DD1A041A2A1A511A771A9E1AC51AEC1B141B3B1B631B8A1BB21BDA1C021C2A1C521C7B1CA31CCC1CF51D1E1D471D701D991DC31DEC1E161E401E6A1E941EBE1EE91F131F3E1F691F941FBF1FEA20152041206C209820C420F0211C2148217521A121CE21FB22272255228222AF22DD230A23382366239423C223F0241F244D247C24AB24DA250925382568259725C725F726272657268726B726E827182749277A27AB27DC280D283F287128A228D429062938296B299D29D02A022A352A682A9B2ACF2B022B362B692B9D2BD12C052C392C6E2CA22CD72D0C2D412D762DAB2DE12E162E4C2E822EB72EEE2F242F5A2F912FC72FFE3035306C30A430DB3112314A318231BA31F2322A3263329B32D4330D3346337F33B833F1342B3465349E34D83513354D358735C235FD3637367236AE36E937243760379C37D738143850388C38C839053942397F39BC39F93A363A743AB23AEF3B2D3B6B3BAA3BE83C273C653CA43CE33D223D613DA13DE03E203E603EA03EE03F213F613FA23FE24023406440A640E74129416A41AC41EE4230427242B542F7433A437D43C044034447448A44CE45124555459A45DE4622466746AB46F04735477B47C04805484B489148D7491D496349A949F04A374A7D4AC44B0C4B534B9A4BE24C2A4C724CBA4D024D4A4D934DDC4E254E6E4EB74F004F494F934FDD5027507150BB51065150519B51E65231527C52C75313535F53AA53F65442548F54DB5528557555C2560F565C56A956F75744579257E0582F587D58CB591A596959B85A075A565AA65AF55B455B955BE55C355C865CD65D275D785DC95E1A5E6C5EBD5F0F5F615FB36005605760AA60FC614F61A261F56249629C62F06343639763EB6440649464E9653D659265E7663D669266E8673D679367E9683F689668EC6943699A69F16A486A9F6AF76B4F6BA76BFF6C576CAF6D086D606DB96E126E6B6EC46F1E6F786FD1702B708670E0713A719571F0724B72A67301735D73B87414747074CC7528758575E1763E769B76F8775677B37811786E78CC792A798979E77A467AA57B047B637BC27C217C817CE17D417DA17E017E627EC27F237F847FE5804780A8810A816B81CD8230829282F4835783BA841D848084E3854785AB860E867286D7873B879F8804886988CE8933899989FE8A648ACA8B308B968BFC8C638CCA8D318D988DFF8E668ECE8F368F9E9006906E90D6913F91A89211927A92E3934D93B69420948A94F4955F95C99634969F970A977597E0984C98B89924999099FC9A689AD59B429BAF9C1C9C899CF79D649DD29E409EAE9F1D9F8B9FFAA069A0D8A147A1B6A226A296A306A376A3E6A456A4C7A538A5A9A61AA68BA6FDA76EA7E0A852A8C4A937A9A9AA1CAA8FAB02AB75ABE9AC5CACD0AD44ADB8AE2DAEA1AF16AF8BB000B075B0EAB160B1D6B24BB2C2B338B3AEB425B49CB513B58AB601B679B6F0B768B7E0B859B8D1B94AB9C2BA3BBAB5BB2EBBA7BC21BC9BBD15BD8FBE0ABE84BEFFBF7ABFF5C070C0ECC167C1E3C25FC2DBC358C3D4C451C4CEC54BC5C8C646C6C3C741C7BFC83DC8BCC93AC9B9CA38CAB7CB36CBB6CC35CCB5CD35CDB5CE36CEB6CF37CFB8D039D0BAD13CD1BED23FD2C1D344D3C6D449D4CBD54ED5D1D655D6D8D75CD7E0D864D8E8D96CD9F1DA76DAFBDB80DC05DC8ADD10DD96DE1CDEA2DF29DFAFE036E0BDE144E1CCE253E2DBE363E3EBE473E4FCE584E60DE696E71FE7A9E832E8BCE946E9D0EA5BEAE5EB70EBFBEC86ED11ED9CEE28EEB4EF40EFCCF058F0E5F172F1FFF28CF319F3A7F434F4C2F550F5DEF66DF6FBF78AF819F8A8F938F9C7FA57FAE7FB77FC07FC98FD29FDBAFE4BFEDCFF6DFFFFFFDB0043000302020302020303030304030304050805050404050A070706080C0A0C0C0B0A0B0B0D0E12100D0E110E0B0B1016101113141515150C0F171816141812141514FFDB00430103040405040509050509140D0B0D1414141414141414141414141414141414141414141414141414141414141414141414141414141414141414141414141414FFC00011080042006403012200021101031101FFC4001F0000010501010101010100000000000000000102030405060708090A0BFFC400B5100002010303020403050504040000017D01020300041105122131410613516107227114328191A1082342B1C11552D1F02433627282090A161718191A25262728292A3435363738393A434445464748494A535455565758595A636465666768696A737475767778797A838485868788898A92939495969798999AA2A3A4A5A6A7A8A9AAB2B3B4B5B6B7B8B9BAC2C3C4C5C6C7C8C9CAD2D3D4D5D6D7D8D9DAE1E2E3E4E5E6E7E8E9EAF1F2F3F4F5F6F7F8F9FAFFC4001F0100030101010101010101010000000000000102030405060708090A0BFFC400B51100020102040403040705040400010277000102031104052131061241510761711322328108144291A1B1C109233352F0156272D10A162434E125F11718191A262728292A35363738393A434445464748494A535455565758595A636465666768696A737475767778797A82838485868788898A92939495969798999AA2A3A4A5A6A7A8A9AAB2B3B4B5B6B7B8B9BAC2C3C4C5C6C7C8C9CAD2D3D4D5D6D7D8D9DAE2E3E4E5E6E7E8E9EAF2F3F4F5F6F7F8F9FAFFDA000C03010002110311003F00FB574DD3F6E38AE92CED7681C541656E140E2B66DE1E940125BC5DEAFC31D450A0AB68B400AAB4BB6A454F5A7851E94015CAD46E956997DB9A85968029B2D56997BD5F913755691462803E70FDBCEE8E9FFB2B78D2E537F9B0B58CA9E5C9B0EE4BD81C1CE0F036E48C72011C6735F961E0F9347F17787B49B39AEAE64D666B886CDADFC85F2962126950A9F30C99276A118D9DCF3C73FA77FF000506D7EDF47F8033DA5D4115CC1A95C4B0345333AA398ECAEAE55495653CB5B81C11D6BF27AC2F34DF87DF102FE0B8B39FED1A7EA05205B5BBF2E28DA1B98C8DC1D1D986611FC42803F5E3F615D3E2B2FD947C01125D457AA21BA22E200E11F37939C8DEAADDFB81454DFB0EDBB5BFEC9FF0D936819D3D9F83FDE9A4607F5A2803DBECD7A569C2BC0ACFB5AD384702802CC6B56631CD431E00153A363AD004C16976D0B4B400D2B50B8C77A9F351482802BBA8AAB2F7AB6F5524EF401F0FFF00C15735096D7E016836D6F33473CDAFA1F2D1CA99105ADC211EFCC89C7D2BF3CBE2B58EB11AD86A5AA6902D2DE5325DF9926991C124AD25CDDE03CBB048E0AC2A46E63C36475AFD04FF00829C2D86A5A2785342BDBA961975082EBEC8891060D30BDD353392C30424AE3A1E198F6C1FCDDD16D27D43C2F71245AF5B3DED8FCF14312CFE7C6238AF66FBDE5ED1C92721B8E4D007ECB7EC8CA17F665F86CCB0C76C9268D0CAB0C3BB6206CB055DCCCD800F724FA9A2B53F66C8DD7F67BF86FE73BCB33787EC9DE47624B318549249EB9249CD1401E916AFD2B4E06E2B9FB1B9DCA39AD7824E9401AB19F96A75354A193E5AB2AFEF401695BD7AD3B78F5AAE24A3CCA009BCCF6A8D9EA26900A85AE00F6A009247C55763934C6B807BE6B375BF14E8FE1BB769F56D4EDB4F8D577FEFE40091EA0753F85007C11FF051E9EF75CF8B5F0D21B2D166D66D7C3F2493EA2FE4CD241671CB25AB096431619462363C9C7C838F5F90EFBC3F69E0CF0EDEF88356D2A3B4D27598266D32D6D36DA3CF19B2B9495ADE46926DF12BDCC4A77A924B0DBC2495EDBFB6A78E3C3BE3AF1968BA8EA935E5B2EAB05BEA71C70DA2B86B586F756802B913232968634DDB73CA0C7DECAF82FC46D626BCD0755D5BCB93C1169AC0B58F4DD18497090496B1C3E5E15510AC8576C4A1F206012412FBA803F617E00DB087E03FC36400AE3C35A6FCB9CE3FD163A2AF7C1B511FC1FF0001A2E42AF87F4F0320E7FE3DA3F5A28024D32F036306BA1B69F7006BCE346D5959460D75B65A9065033CD007530CDE9569661EB5816F765BBD5D8EEBA5006B2CDEF4BE69F5ACE5B81D8D798FC6CF8DF6BF0C6D20B085D5B5BBD8CC91A9C110C60E3CC23BE4E401D320FA60807A56B1E24B0D154FDAEE551F19118E58FE15F167ED0BFF00053AF0BFC38BEBED17C15A6A78B75BB6DC925CBCBB6CA270C836EE5E64FF009680ED2002AB86606BE78FDB13F694D634FD362F0869B793C3ABEAF6A979A95D976124304A0341121C6332295959C13C320F94AB67E289CEE9BCA55014BAAAED1CE076FCC2FE5401F527897FE0A43F1B7C4DA84F15B6BF67A15BC872B0E9F6310311242855770CC40CF735E39AB7ED3FF1235EBC92F750F16DE6A17B23AEF7BC8E29B70C90010CA410063F0AE0ADED6EA4D50C8F1797E4FCC44876E02FD7FDDACDBF823F2E3712AE7BAAFB007D2803EA0F885E24D52E26F01EABABDE6973DF4DE0D991D26D3A22BE6F9173791E2230F929917711F9719DC49E58E7CA2FB4B9ED7C336FA8DED9E89A8AC97F36E805D429B50AC183E5C122302198F1DB8E3A57A17C5A67D42FBC276290E9D70D63A26932343A8DD0B58C87D0B494705CBC7804AB7F1773835C3F8913EDDE27F1059DBE8D03442EA778ED748B8695DC09E11C1DF2E09099E9DA803F6F7E119DDF097C0E4956CE83607319CA9FF474E473D28AF87B58FF00828CC5E0592D740835CB0861D36DA2B45FF8A5E6995BCB50858482F4071953C855E98C71925007D33A0B1DABCD771A593B579A28A00E86D89C1ABD11393451401617A0AFCF8FDABAEA693F682F13234B232470DAAA2B312147D9A3381E83249FA93451401F0CFED21FBBFDA3BC7F12FCB145ACCF146838544462A8A0760A000076000AE06CD8F9F9CF456C7B7228A28016EE693ED97DF3B721B3C9E7EF561A12CDCF3F37F43451401EF1F16D44BE20D58B80E53C3BA76D2C33B716BA7818F4E38AF33D589FB7EA1EE66CFF00E045145007B3F85B41D335A9FC452EA1A75A5FC91EB57B1A3DD40B2155F349DA0B038196638F527D68A28A00FFD9, N'Jack', N'Brown', CAST(N'1993-07-02T00:00:00.0000000' AS DateTime2), 72, N'1111111111111', N'M', CAST(N'2020-07-02T17:24:39.6598317' AS DateTime2), 1)

INSERT [dbo].[ApplicationUser] ([Id], [Email], [Username], [PasswordHash], [PasswordSalt], [Slika], [Ime], [Prezime], [DatumRodjenja], [OpcinaId], [JMBG], [Spol], [DatumRegistracije], [Active]) VALUES (3, N'predavac@gmail.com', N'predavac', N'OjYA/KCWGxcVJjJ7D3YKOg==', N'Xtvn8CriVB/yyZ9Dpi2gPQ==', NULL, N'Emma', N'Coleman', CAST(N'1995-03-01T17:55:43.0000000' AS DateTime2), 1, N'1111111111111', N'Z', CAST(N'2020-07-02T17:56:46.5664131' AS DateTime2), 1)

INSERT [dbo].[ApplicationUser] ([Id], [Email], [Username], [PasswordHash], [PasswordSalt], [Slika], [Ime], [Prezime], [DatumRodjenja], [OpcinaId], [JMBG], [Spol], [DatumRegistracije], [Active]) VALUES (4, N'joh@hell.com', N'mobile2', N'ex5Jvj/u3CReX9ibQ99g==', N'Lv6XtkHRLEAWZPewMOXFqg==', NULL, N'Johnny', N'Michigan', CAST(N'2000-07-02T00:00:00.0000000' AS DateTime2), 75, N'1111111111111', N'M', CAST(N'2020-07-02T21:02:16.9245030' AS DateTime2), 1)

INSERT [dbo].[ApplicationUser] ([Id], [Email], [Username], [PasswordHash], [PasswordSalt], [Slika], [Ime], [Prezime], [DatumRodjenja], [OpcinaId], [JMBG], [Spol], [DatumRegistracije], [Active]) VALUES (5, N'jenny@gmail.com', N'mobile3', N'BYec+K7IIsHRcdtW49YJmQ==', N'a68QsyQyxyJ9Kdiqj+I93g==', NULL, N'Jane', N'Doe', CAST(N'1981-07-31T00:00:00.0000000' AS DateTime2), 87, N'1111111111111', N'Other', CAST(N'2020-07-02T21:03:00.3518879' AS DateTime2), 1)

INSERT [dbo].[ApplicationUser] ([Id], [Email], [Username], [PasswordHash], [PasswordSalt], [Slika], [Ime], [Prezime], [DatumRodjenja], [OpcinaId], [JMBG], [Spol], [DatumRegistracije], [Active]) VALUES (6, N'lore_ne@busy.com', N'predavac2', N'DKhlXCEmICdviv3NjQetFQ==', N'V1fVuBVOv8yA6Z7LWK2vRw==', 0x89504E470D0A1A0A0000000D494844520000006400000064080600000070E29554000000017352474200AECE1CE90000000467414D410000B18F0BFC6105000000097048597300000EC300000EC301C76FA86400000FC149444154785EED9D498824551785CB11C111DB097140451045C59DBA12154111742F2E1C5682E0C661A10BB171218A202E74618BB872C085E8D28D8223DAA228E23CCFF33CC7EF177F7EE9CD5BB7AAB2AA333223D3BE7089BE275EBC77DF396F8AACCAEAA56FBEF9A6C1BFFBEEBB46FBFAEBAF5BEC871F7E1820FF62BFFCF2CB00F917FBFDF7DF0748D3C6F85F7FFDD5C65CC534CA13F3BCF6EBAFBF2EC37EFCF1C765D8B7DF7EDB62315FB19F7EFA6980FC9B07F56A627FFEF9671B7315335F73C335EA25A61DEDFBEFBF6FB12A0FF2D6E4E8E79F7F1E20CBF3F8FBEFBF87D8764106D87641FE8923D1DB05F93FB644411DB2F1D530E3B5308818A7DC6A98718519473CC7F87AF3308E188264CCB231AE309F8B788E23B6D44AF48FC5D1A255A3858788E3A8652665CCD1124795A365AD99478CFFF1C71F0364F9CCC3C41861D86FBFFD36C434F38DD8B8A3DBE7A857137374572B007967CC152062F21639FA4F0BC2559BA4201597AB0912B1A12090CF8889A306428823A91097312A8E180459172EC67D623B1DB1B8D68B2948AC4F41B88A2908758869ABE5EBC08875991B987928482CA72072849BDB38BC91336DE5724B8C503C825F7DF5558BC5912C1647B218626AD667725CC534CA13F3BC46BD19A3FD8C319AC062BE8EB2B8A953068F428B4926A48829AAB9E11AF512C791CCEC02CB7980C55956F1468C5779CCED290B423EF9E493E6F1C71F6FB66CD9D2DC71C71DCD3DF7DCD33CF6D863CD871F7E381C7951109EC325222E2DE66B6EB836D55396FFE8A320B49F3146DC830F3ED89C74D249CDD2D2D28A7EF4D14737F7DE7BEF481FCC63A382444C41A2480A52F15609226F23829014CE4D47D56A1882642CAE8562240CC6558CFB6094CF180913939C186BB718F56CDDBAB5D9B4695329C04ABED75E7B354F3EF9E4481E109673235E2937F388E5E08638EE219691B78855BC21742E3737A7AC5B6EB9A5247C5CBFF6DA6B0735F5EF9415399A0B412EBFFCF292E4F5FA59679D359C6DD4DF174122B64463380F30857031481A0743A4713063EE658C7A2BECE69B6F2EC9DD88EFB4D34ECD95575E39AC1FCF6DC243C68CB7051B97A35E6FEA9C982072871D765846EE469C7AF0071E78A0AD3F8EE47136F538DB9D6591B76A96C911E46BC4B8B36C6E4E597BECB14749ECB6FA6EBBEDD6D6DF4B4178008F8DF9321305A95E70C4A220D6170511D3284FCCF31AF546ECD4534F9DD8CCA8FCC4134F6C0931B72888988620C410A6210858E48DFB60512439A20E8D18778F4410B1914D5D50AB9243E98C215CC6489438266C993CF3F028F48B2FBED892D6A520EC27BC546A92994737CEDAAE8939BAAB015771C90A9031798B42F7F29475FCF1C797244EDA8F3CF2C8418B3D3A650DAEBD11E4CB2FBF2CC9EBCADF7DF7DDB6DDDE08028893086B1ACEFA08C6BA973188CB18098B591F6266CC98F2C43C2F46BDC4175E7861495C577EFAE9A78FE4616E315F72CB187C65CC98412B56F166B98AA35E9DB218A57BEEB967B3E38E3B96E475E5B46BBED5AAF09F3DF6D2A18AB0AEFDB3CF3E9B8920CC0C6C4410A70A95305DE394A5928C2148C6E844C6509F18A2C52C13970031DABAFFFEFB4BC2BAF69B6EBA699847CCD77E911B71E40891C0B88AB98C555C56BCD156C67AB5A9EFBFFFFE2561D3F06A7413E310A6894D72538F1CF54A908AA869B97D98852011DBF08B617CCB663DCD188D80C5C67C6BA5BC26D60741C8230A428C4741C4A220625AC5258264CC3647046104E37953078B239987C0204E1343384DCC4D922B31389B174679318D0DAE226A5A0E6158B52AB04FE43E30A8C0226FDC07CBB30C8C81AC8929AA9B3A586F4E5974B0226A5A0E19D84A82105B069BC4292B0B820F3F5C8C15BB8C4441E2D2A2F96C14442C0A22A6513E63FCBB226A5AFEE9A79FB67954B921083184692ED35124EE8355BC45418871794310B125DF14B94923B818D33863549C314644C6488A98AB9865E860C6A6FD9149F677DE79A7CD83FEE5DC188419635F21AE78E35EC6A82363F0401C39EACD298BC42AA2A6E51F7FFC719B47AF4E59F9E6340521E18AA8693933943C662E088DE13C4032B818D38C9807C51024634CBD8C59172EC67D62CA676CD682D857FA676EE64F6E2B61156FB19CB1E52A2E63B95E7D965511352DD7AA558101441C673B4B2CD8C44F59FE63D68250EF41071D5492D5B5F309B3D62B41B8E1110C0C41320671623E4B27324663C4713DB54C14448C7A1F7DF4D192B02E9D1F13DF7EFBEDC37C593672BE0A1231B8218EBC29086289C91B758859176D11C741BBE18F4E224602C49CB9359203A311CDE728AF8921C8AC962D09278F3CBA7188D3C41CDD9029A655BCD1B78C212A71E4A837A72C97C2BDF7DEBB24AD4BC7AAE586188F82884541C4B48A4B04C998BC456C2C4122D19520AEA79310E4924B2E2949EBCACF39E79CB65D72C0BB162472540AC21A88432A9553991853396310973112CE186F9D605CC5B80F467962C412A35EB02FBEF8A224AE2B7FFFFDF7CBDC22C6201423C6112E6370483C2E6F1547BD3AF68221D219679C519237693FF6D8638733D97CAB65DA3D26CE765785C89B754DEC94A5CD5210B00F3EF8A02470D2FEF2CB2F0F739B8520F23622088DE9908DE7781A18091373459C0B2EB8A0247152CE2CB4CDB572ABB0EAD9D80731CB5418FDCCD8B24D3D8EDA6A245371C6DC9C22E66889A3CAD1B2D6CC236694EDB7DF7E2599DBEAFC12373930CA35DAB45DCDDCD6BBA9B327646CEC4D7D701D0A126F56D3775A82803FF7DC7325A1DBEA8F3CF248DB4614A45A6E88F1F50A5271A920112B05A142DC9D9EC4C4E269480C413246C519F3C4818B719F984E670C4132C680B8FBEEBB4B5237EA37DE78E3305F72B44D629C6523E7010FB99C2724C817B34CC525FDCB183CE467B7E9EB083EEBE684895139C6554CA37CC4E8143F8F78E595579ACF3FFFBCC5301266F45C75D55525B9EBF58B2EBAA8EDA7A39B2B1FBBDB2E794166CE179188E348464CB0C81BF7C1E22C5B8D37F36053179BC9298B4ED3117E4A77FDF5D737BBEEBAEB9034BE65CBBB08A62038DF41DF65975D36FC15855B6FBDB5ED23754904FF3EECB0C38665F88AC2D5575FDDBCF1C61B2344230865238620609137EE834541E488954523C6A32062333BF65E77DD75238465E7D73B699F36708CA5E3D0430F2DCBAFE4071E78E09020F38008EAE43E22C4F20A7EC515570C095BAF20DCD3E4A812C4BD69449016F9C7689CE9153F20E4818C5171C6482063544ECC5523A6ECCE3BEFDC7A24A2723675CDFA1198BFE09089CCCE2F6CF355030690CF6AAFBEFA6AF94C76C4410C89C3AC4BB1C827D75F7159E5C1802376C061533D65319AF80B0C6B91A9231A9B3A661ECE3C8CCE7CF4D147ED0BDEF3CF3FDF3A7F56C3250F335F1CE384C5D257B557F951471DD52EB19A75454162FD58C5E5D8A7ACC1752A825C76D96565A7D7F2F3CF3FBF5D7610340A626E4C796CA57C798E917EE9A5976E680F3AEFBCF306B54D4110A6924EF2B8319564AC2A57613966F9A83A3BAEB317DC75D75D6D67576AA3C2208CAF411F72C82165BDE33AB3B0AABFC22ADE56E332C653D9D49925FC319871F68DB59C7A6EB8E1869199E76C641668E4CEC9EAB8E38E2BEB59AF1F7EF8E1236DCEF529EBF5D75FDFF07175353FEDB4D39A8B2FBEB8D9BC7973FBE799F89E073F4F39F3CC33CBF2DBE2E41F0F199D094225380D409E231AA7E28C2148C67C6B8D188D10D3E829A79CD28920D3F6638E3966D84F062BFD8CBC210E18F7C4E4A3E2CD4F00E0486C6453474D5CE3818CA134713CBE9154C650DB6717410C9D377AFAE4E88650FBA9556FFB0892318423862BADF353D6430F3D54766C5EFDB6DB6E6BFB1605C91C555CF6E2D88BEFBEFBEE65C7E6D9599A3A1384E506E7A6069160F1D44212607153178B2F4E62EC21E05587E6DD59CAD95F336FF67D5CDE3C0CC19558A7A7ACA79E7A6A2247DDBEF9C30F3FDC92473F236F2ED3BD3DF65E73CD356587E6DD395A772608D30BE701A6222E06F9E360AC8F1576C20927941D9A77675FB49F78EEFB7A38CA58679B7ABB1E169D5914D7E6E6944502554716C5B54E0581D0482A82640C4188D77A317CEFBDF7CA8E2C8AF3635F0C413247159708923104C958679BFAA2BD1066E7EF00D34F3672ADD7A7AC73CF3DB7ECC8A238BF864A3FE7E6D8CBC7D5554716C50F3EF8E0B69F9520156F9520BE508F080288432A7B012EC6BA973104C9986FAD62283FABAFA74DCBF7DD77DFB69FF437F3C1313663156F1C73891150ACB353D63EFBEC53766451DCBFFD3B895356DC873A1364113F32C90E67133FF6F230CE034C21961F3104C918530F8CCAC48823C694AD3AB0684E9FE50D872FFB1FF9C02BDE18DC19EB64539FF5DF2D9996F32B487371CAE217D9AA0E2C9AF39B3413178407F0B8B1F0C60D1605118B828845418817FD2D5D7FF3CD375B1235FE4DFFA34872C4D2A411E35110B125029C9B562806D1198B9BBA18C2458C9F3B571D583467E0C54D5D3EE42D626EEA156FB15C27A72C7E51BAEAC0A2F9DB6FBFDDED878BDC8844C719A25582F07213B1FF8A202C59AB0912398A33442B05F1ED919BBE2D8AB1EE658C3D24633416B1697D8B76D6FEDA6BAFB51BB87D8743FACFA08D7CE0156F0C7862AE629D9CB2F80DF4AA038BE66FBDF5D67C1C7BA7FDD71866E57C0DAF12A4E2AD1284D9818D08C2C338AAFAF35D3196AC8C21C85A18CFC5AFA92DA2F31D179698C81BFFB6FF910F1C413266CC922FD6D967597C3C5D7564519CEFD06373F3E122BF955E756451FCE4934F6EFB39F163AF2F24AC67DE148B82882948C4A22062ACAD554716C5D93FE86724DFBE575C4641C458E288992162E5A6CEEB3E18446B900D36CEA68E337216F52378F60FC98CBCD977EE6972546DEA888921845827A72C1C41EEBBEFBE8514856F66B1A1D3CFEA94D55B41DA29587468DE9DBE2948DC90ED3BF7B4D504E184858D08824A38A4220A2EC6BA474CA362549C314644C6480A8CB57691BEB0C3C725F40BBEE827FB05316EDF213A630CE48CC95BC43A3B65397DB9F20DD6791785FC9F78E28961BFE00B9BF8296B70ED54108C2F7E1E71C4116567FBEE071C7040B375EBD6B61FF2D1992014C49952D13356955B0DE36D35625C99DE5BB66C69CE3EFBECDECF18F2E3DBBC77DE79E7F06D3AF6CBD83E462CE2AB95637067ACD34D1D5B6904F17917A3EEA5975E6AFD85175E689E7EFAE9D6C59E7DF6D936E68B3F62CF3CF3CCB27262D42166990A33AE30FE6364FE4487FFC10B8608B90FD529CB32BD3D656195202E853CAF313A3246C732E65218F31583388D18A75E4D4C22E2D262BED532AD202EBF5867C75E2AC1219FA470312ACE1882648C299D319627621A15B30CE53346BD19A3FD8C4104314488F16F308813F33904C998B97115234F300411F339EA258E6DC21718F98899C77A798B1C8D6CEAA81947230F640CA5334652C4BCE16BA80DC655F307FE79E6E179E6E110A689D1014D8C1186AD375F08D0CC378F6E9C7A35314737F98869889A31FA973178208E1C4DED9485D97816042C0A428C4741C4A22062511031CD7C23E672C35533DF2888CF4541C4A220625AC5A54B72C4E42D62DB0519583F04699AFF0110470DF931F27C8C0000000049454E44AE426082, N'Lorin', N'Johnson', CAST(N'1992-03-01T21:28:37.0000000' AS DateTime2), 27, N'1111111111111', N'Z', CAST(N'2020-07-03T21:29:57.8092441' AS DateTime2), 1)

INSERT [dbo].[ApplicationUser] ([Id], [Email], [Username], [PasswordHash], [PasswordSalt], [Slika], [Ime], [Prezime], [DatumRodjenja], [OpcinaId], [JMBG], [Spol], [DatumRegistracije], [Active]) VALUES (7, N'Mike@crazy.com', N'mobile4', N'Jg8N2MTfg/x2T5O1lKiv8A==', N'tgzOVsJOZTz/dbOohV4w==', NULL, N'Michael', N'Wane', CAST(N'1994-07-03T00:00:00.0000000' AS DateTime2), 48, N'1212121212121', N'M', CAST(N'2020-07-03T21:31:12.7146010' AS DateTime2), 1)

INSERT [dbo].[ApplicationUser] ([Id], [Email], [Username], [PasswordHash], [PasswordSalt], [Slika], [Ime], [Prezime], [DatumRodjenja], [OpcinaId], [JMBG], [Spol], [DatumRegistracije], [Active]) VALUES (8, N'ian@hotmail.com', N'mobile5', N'+7irsJffnxad8pOOzr+wwQ==', N'V1fNrM+weM2vuf34Pxb8qQ==', NULL, N'Ian', N'Wesley', CAST(N'1985-07-03T00:00:00.0000000' AS DateTime2), 59, N'1111111111111', N'M', CAST(N'2020-07-03T21:38:18.6136804' AS DateTime2), 1)

INSERT [dbo].[ApplicationUser] ([Id], [Email], [Username], [PasswordHash], [PasswordSalt], [Slika], [Ime], [Prezime], [DatumRodjenja], [OpcinaId], [JMBG], [Spol], [DatumRegistracije], [Active]) VALUES (9, N'davie.dude@yahoo.com', N'mobile6', N'yoQwERv4/bpzdKFYCm9b2Q==', N'Kf+qdbeJI/vD4kCNYovtMQ==', NULL, N'Dave', N'Jefferson', CAST(N'1992-07-03T00:00:00.0000000' AS DateTime2), 83, N'1111111111116', N'M', CAST(N'2020-07-03T22:11:53.1413127' AS DateTime2), 1)

SET IDENTITY_INSERT [dbo].[ApplicationUser] OFF

SET IDENTITY_INSERT [dbo].[Uposlenik] ON 

INSERT [dbo].[Uposlenik] ([Id], [ApplicationUserId], [DatumZaposlenja]) VALUES (1, 1, CAST(N'2020-06-10T23:04:30.7563075' AS DateTime2))

INSERT [dbo].[Uposlenik] ([Id], [ApplicationUserId], [DatumZaposlenja]) VALUES (2, 3, CAST(N'2020-07-02T17:55:43.2895713' AS DateTime2))

INSERT [dbo].[Uposlenik] ([Id], [ApplicationUserId], [DatumZaposlenja]) VALUES (3, 6, CAST(N'2020-07-03T21:28:37.8909481' AS DateTime2))

SET IDENTITY_INSERT [dbo].[Uposlenik] OFF

SET IDENTITY_INSERT [dbo].[KursInstanca] ON 

INSERT [dbo].[KursInstanca] ([Id], [KursId], [PocetakDatum], [PrijaveDoDatum], [KrajDatum], [Kapacitet], [Cijena], [UposlenikId], [BrojCasova]) VALUES (2, 1, CAST(N'2020-07-04T00:00:00.0000000' AS DateTime2), CAST(N'2020-07-03T00:00:00.0000000' AS DateTime2), NULL, NULL, NULL, 2, 5)

INSERT [dbo].[KursInstanca] ([Id], [KursId], [PocetakDatum], [PrijaveDoDatum], [KrajDatum], [Kapacitet], [Cijena], [UposlenikId], [BrojCasova]) VALUES (3, 3, CAST(N'2020-07-10T18:20:59.0000000' AS DateTime2), CAST(N'2020-07-09T18:20:59.0000000' AS DateTime2), CAST(N'2020-07-03T10:39:06.8288737' AS DateTime2), NULL, CAST(150.00 AS Decimal(18, 2)), 2, 6)

INSERT [dbo].[KursInstanca] ([Id], [KursId], [PocetakDatum], [PrijaveDoDatum], [KrajDatum], [Kapacitet], [Cijena], [UposlenikId], [BrojCasova]) VALUES (4, 4, CAST(N'2020-07-11T00:00:00.0000000' AS DateTime2), CAST(N'2020-07-07T00:00:00.0000000' AS DateTime2), NULL, 10, NULL, 2, 2)

INSERT [dbo].[KursInstanca] ([Id], [KursId], [PocetakDatum], [PrijaveDoDatum], [KrajDatum], [Kapacitet], [Cijena], [UposlenikId], [BrojCasova]) VALUES (5, 6, CAST(N'2020-07-04T18:28:22.0000000' AS DateTime2), CAST(N'2020-07-03T18:28:22.0000000' AS DateTime2), NULL, NULL, NULL, 2, 4)

INSERT [dbo].[KursInstanca] ([Id], [KursId], [PocetakDatum], [PrijaveDoDatum], [KrajDatum], [Kapacitet], [Cijena], [UposlenikId], [BrojCasova]) VALUES (6, 7, CAST(N'2020-08-14T18:29:20.0000000' AS DateTime2), CAST(N'2020-08-08T18:29:20.0000000' AS DateTime2), NULL, NULL, NULL, 2, 15)

INSERT [dbo].[KursInstanca] ([Id], [KursId], [PocetakDatum], [PrijaveDoDatum], [KrajDatum], [Kapacitet], [Cijena], [UposlenikId], [BrojCasova]) VALUES (7, 7, CAST(N'2020-08-09T18:29:57.0000000' AS DateTime2), CAST(N'2020-08-08T18:29:57.0000000' AS DateTime2), NULL, NULL, NULL, 2, 6)

INSERT [dbo].[KursInstanca] ([Id], [KursId], [PocetakDatum], [PrijaveDoDatum], [KrajDatum], [Kapacitet], [Cijena], [UposlenikId], [BrojCasova]) VALUES (8, 8, CAST(N'2020-07-30T22:05:02.0000000' AS DateTime2), CAST(N'2020-07-17T22:05:02.0000000' AS DateTime2), NULL, 15, NULL, 3, 15)

INSERT [dbo].[KursInstanca] ([Id], [KursId], [PocetakDatum], [PrijaveDoDatum], [KrajDatum], [Kapacitet], [Cijena], [UposlenikId], [BrojCasova]) VALUES (9, 9, CAST(N'2020-07-31T22:09:05.0000000' AS DateTime2), CAST(N'2020-07-30T22:09:05.0000000' AS DateTime2), NULL, NULL, CAST(350.00 AS Decimal(18, 2)), 3, 22)

INSERT [dbo].[KursInstanca] ([Id], [KursId], [PocetakDatum], [PrijaveDoDatum], [KrajDatum], [Kapacitet], [Cijena], [UposlenikId], [BrojCasova]) VALUES (10, 10, CAST(N'2020-07-30T22:09:30.0000000' AS DateTime2), CAST(N'2020-07-28T22:09:30.0000000' AS DateTime2), NULL, NULL, NULL, 3, 12)

INSERT [dbo].[KursInstanca] ([Id], [KursId], [PocetakDatum], [PrijaveDoDatum], [KrajDatum], [Kapacitet], [Cijena], [UposlenikId], [BrojCasova]) VALUES (11, 11, CAST(N'2020-08-08T22:09:46.0000000' AS DateTime2), CAST(N'2020-08-06T22:09:46.0000000' AS DateTime2), NULL, NULL, NULL, 3, 16)

SET IDENTITY_INSERT [dbo].[KursInstanca] OFF

SET IDENTITY_INSERT [dbo].[Role] ON 

INSERT [dbo].[Role] ([Id], [Naziv]) VALUES (1, N'AdministrativnoOsoblje')

INSERT [dbo].[Role] ([Id], [Naziv]) VALUES (2, N'Predavač')

INSERT [dbo].[Role] ([Id], [Naziv]) VALUES (3, N'Klijent')

SET IDENTITY_INSERT [dbo].[Role] OFF

INSERT [dbo].[ApplicationUserRole] ([ApplicationUserId], [RoleId]) VALUES (1, 1)

INSERT [dbo].[ApplicationUserRole] ([ApplicationUserId], [RoleId]) VALUES (3, 2)

INSERT [dbo].[ApplicationUserRole] ([ApplicationUserId], [RoleId]) VALUES (6, 2)

INSERT [dbo].[ApplicationUserRole] ([ApplicationUserId], [RoleId]) VALUES (2, 3)

INSERT [dbo].[ApplicationUserRole] ([ApplicationUserId], [RoleId]) VALUES (4, 3)

INSERT [dbo].[ApplicationUserRole] ([ApplicationUserId], [RoleId]) VALUES (5, 3)

INSERT [dbo].[ApplicationUserRole] ([ApplicationUserId], [RoleId]) VALUES (7, 3)

INSERT [dbo].[ApplicationUserRole] ([ApplicationUserId], [RoleId]) VALUES (8, 3)

INSERT [dbo].[ApplicationUserRole] ([ApplicationUserId], [RoleId]) VALUES (9, 3)

SET IDENTITY_INSERT [dbo].[TipUplate] ON 

INSERT [dbo].[TipUplate] ([Id], [Naziv], [Cijena]) VALUES (1, N'Jednokratna uplata za kurs', NULL)

INSERT [dbo].[TipUplate] ([Id], [Naziv], [Cijena]) VALUES (2, N'Članarina', CAST(200.00 AS Decimal(18, 2)))

SET IDENTITY_INSERT [dbo].[TipUplate] OFF

SET IDENTITY_INSERT [dbo].[Klijent] ON 

INSERT [dbo].[Klijent] ([Id], [ApplicationUserId]) VALUES (1, 2)

INSERT [dbo].[Klijent] ([Id], [ApplicationUserId]) VALUES (2, 4)

INSERT [dbo].[Klijent] ([Id], [ApplicationUserId]) VALUES (3, 5)

INSERT [dbo].[Klijent] ([Id], [ApplicationUserId]) VALUES (4, 7)

INSERT [dbo].[Klijent] ([Id], [ApplicationUserId]) VALUES (5, 8)

INSERT [dbo].[Klijent] ([Id], [ApplicationUserId]) VALUES (6, 9)

SET IDENTITY_INSERT [dbo].[Klijent] OFF

SET IDENTITY_INSERT [dbo].[Uplata] ON 

INSERT [dbo].[Uplata] ([Id], [TipUplateId], [DatumUplate], [Iznos], [KlijentId], [KursInstancaId]) VALUES (5, 1, CAST(N'2020-07-02T21:22:44.3176967' AS DateTime2), CAST(150.00 AS Decimal(18, 2)), 1, 3)

INSERT [dbo].[Uplata] ([Id], [TipUplateId], [DatumUplate], [Iznos], [KlijentId], [KursInstancaId]) VALUES (6, 2, CAST(N'2020-07-02T21:59:29.2340772' AS DateTime2), CAST(250.00 AS Decimal(18, 2)), 1, NULL)

INSERT [dbo].[Uplata] ([Id], [TipUplateId], [DatumUplate], [Iznos], [KlijentId], [KursInstancaId]) VALUES (7, 1, CAST(N'2020-07-02T22:01:01.3690620' AS DateTime2), CAST(150.00 AS Decimal(18, 2)), 2, 3)

INSERT [dbo].[Uplata] ([Id], [TipUplateId], [DatumUplate], [Iznos], [KlijentId], [KursInstancaId]) VALUES (8, 2, CAST(N'2020-07-02T22:02:10.1868257' AS DateTime2), CAST(500.00 AS Decimal(18, 2)), 2, NULL)

INSERT [dbo].[Uplata] ([Id], [TipUplateId], [DatumUplate], [Iznos], [KlijentId], [KursInstancaId]) VALUES (9, 2, CAST(N'2020-07-03T21:57:48.1124383' AS DateTime2), CAST(400.00 AS Decimal(18, 2)), 4, NULL)

INSERT [dbo].[Uplata] ([Id], [TipUplateId], [DatumUplate], [Iznos], [KlijentId], [KursInstancaId]) VALUES (10, 2, CAST(N'2020-07-03T21:58:02.8047433' AS DateTime2), CAST(355.00 AS Decimal(18, 2)), 3, NULL)

INSERT [dbo].[Uplata] ([Id], [TipUplateId], [DatumUplate], [Iznos], [KlijentId], [KursInstancaId]) VALUES (11, 2, CAST(N'2020-07-03T21:58:31.9383730' AS DateTime2), CAST(600.00 AS Decimal(18, 2)), 4, NULL)

INSERT [dbo].[Uplata] ([Id], [TipUplateId], [DatumUplate], [Iznos], [KlijentId], [KursInstancaId]) VALUES (12, 2, CAST(N'2020-07-03T21:58:42.9900398' AS DateTime2), CAST(300.00 AS Decimal(18, 2)), 1, NULL)

INSERT [dbo].[Uplata] ([Id], [TipUplateId], [DatumUplate], [Iznos], [KlijentId], [KursInstancaId]) VALUES (13, 2, CAST(N'2020-07-03T22:12:09.0326797' AS DateTime2), CAST(1000.00 AS Decimal(18, 2)), 6, NULL)

SET IDENTITY_INSERT [dbo].[Uplata] OFF

SET IDENTITY_INSERT [dbo].[KlijentKursInstanca] ON 

INSERT [dbo].[KlijentKursInstanca] ([Id], [KlijentId], [KursInstancaId], [Active], [UplataIzvrsena], [Polozen], [Rejting]) VALUES (1, 1, 3, 0, 1, 1, 3)

INSERT [dbo].[KlijentKursInstanca] ([Id], [KlijentId], [KursInstancaId], [Active], [UplataIzvrsena], [Polozen], [Rejting]) VALUES (2, 2, 3, 0, 1, 1, 4)

INSERT [dbo].[KlijentKursInstanca] ([Id], [KlijentId], [KursInstancaId], [Active], [UplataIzvrsena], [Polozen], [Rejting]) VALUES (3, 1, 2, 1, NULL, 0, 5)

INSERT [dbo].[KlijentKursInstanca] ([Id], [KlijentId], [KursInstancaId], [Active], [UplataIzvrsena], [Polozen], [Rejting]) VALUES (4, 1, 4, 1, NULL, 0, 4)

INSERT [dbo].[KlijentKursInstanca] ([Id], [KlijentId], [KursInstancaId], [Active], [UplataIzvrsena], [Polozen], [Rejting]) VALUES (5, 2, 4, 1, NULL, 0, 5)

INSERT [dbo].[KlijentKursInstanca] ([Id], [KlijentId], [KursInstancaId], [Active], [UplataIzvrsena], [Polozen], [Rejting]) VALUES (6, 2, 5, 1, NULL, 0, 1)

INSERT [dbo].[KlijentKursInstanca] ([Id], [KlijentId], [KursInstancaId], [Active], [UplataIzvrsena], [Polozen], [Rejting]) VALUES (7, 4, 9, 0, 0, 0, NULL)

INSERT [dbo].[KlijentKursInstanca] ([Id], [KlijentId], [KursInstancaId], [Active], [UplataIzvrsena], [Polozen], [Rejting]) VALUES (8, 4, 8, 1, NULL, 0, 4)

INSERT [dbo].[KlijentKursInstanca] ([Id], [KlijentId], [KursInstancaId], [Active], [UplataIzvrsena], [Polozen], [Rejting]) VALUES (9, 4, 10, 1, NULL, 0, 2)

INSERT [dbo].[KlijentKursInstanca] ([Id], [KlijentId], [KursInstancaId], [Active], [UplataIzvrsena], [Polozen], [Rejting]) VALUES (10, 6, 11, 1, NULL, 0, 5)

INSERT [dbo].[KlijentKursInstanca] ([Id], [KlijentId], [KursInstancaId], [Active], [UplataIzvrsena], [Polozen], [Rejting]) VALUES (11, 6, 4, 1, NULL, 0, 4)

INSERT [dbo].[KlijentKursInstanca] ([Id], [KlijentId], [KursInstancaId], [Active], [UplataIzvrsena], [Polozen], [Rejting]) VALUES (12, 6, 7, 1, NULL, 0, 5)

SET IDENTITY_INSERT [dbo].[KlijentKursInstanca] OFF

SET IDENTITY_INSERT [dbo].[Clanarina] ON 

INSERT [dbo].[Clanarina] ([Id], [KlijentId], [DatumIsteka], [UplataId]) VALUES (1, 1, CAST(N'2020-08-02T21:59:29.2871550' AS DateTime2), 6)

INSERT [dbo].[Clanarina] ([Id], [KlijentId], [DatumIsteka], [UplataId]) VALUES (2, 2, CAST(N'2020-09-02T22:02:10.1927377' AS DateTime2), 8)

INSERT [dbo].[Clanarina] ([Id], [KlijentId], [DatumIsteka], [UplataId]) VALUES (3, 4, CAST(N'2020-09-03T21:57:48.1463085' AS DateTime2), 9)

INSERT [dbo].[Clanarina] ([Id], [KlijentId], [DatumIsteka], [UplataId]) VALUES (4, 3, CAST(N'2020-08-03T21:58:02.8107469' AS DateTime2), 10)

INSERT [dbo].[Clanarina] ([Id], [KlijentId], [DatumIsteka], [UplataId]) VALUES (5, 4, CAST(N'2020-12-05T21:57:48.1463085' AS DateTime2), 11)

INSERT [dbo].[Clanarina] ([Id], [KlijentId], [DatumIsteka], [UplataId]) VALUES (6, 1, CAST(N'2020-09-02T21:59:29.2871550' AS DateTime2), 12)

INSERT [dbo].[Clanarina] ([Id], [KlijentId], [DatumIsteka], [UplataId]) VALUES (7, 6, CAST(N'2020-12-05T22:12:09.0374002' AS DateTime2), 13)

SET IDENTITY_INSERT [dbo].[Clanarina] OFF

SET IDENTITY_INSERT [dbo].[Cas] ON 

INSERT [dbo].[Cas] ([Id], [KursInstancaId], [DatumVrijemeOdrzavanja], [Lokacija], [Opis], [Odrzan]) VALUES (1, 2, CAST(N'2020-07-05T09:58:17.0000000' AS DateTime2), N'Online učionica', N'', 1)

INSERT [dbo].[Cas] ([Id], [KursInstancaId], [DatumVrijemeOdrzavanja], [Lokacija], [Opis], [Odrzan]) VALUES (2, 2, CAST(N'2020-07-15T10:27:58.2936194' AS DateTime2), N'Učionica 7', N'', 0)

INSERT [dbo].[Cas] ([Id], [KursInstancaId], [DatumVrijemeOdrzavanja], [Lokacija], [Opis], [Odrzan]) VALUES (3, 2, CAST(N'2020-07-16T10:28:40.3338430' AS DateTime2), N'Učionica 7', N'', 0)

INSERT [dbo].[Cas] ([Id], [KursInstancaId], [DatumVrijemeOdrzavanja], [Lokacija], [Opis], [Odrzan]) VALUES (4, 2, CAST(N'2020-07-18T10:28:57.2708432' AS DateTime2), N'Učionica 7', N'', 0)

INSERT [dbo].[Cas] ([Id], [KursInstancaId], [DatumVrijemeOdrzavanja], [Lokacija], [Opis], [Odrzan]) VALUES (5, 2, CAST(N'2020-07-22T10:29:05.2415157' AS DateTime2), N'Učionica 7', N'', 0)

INSERT [dbo].[Cas] ([Id], [KursInstancaId], [DatumVrijemeOdrzavanja], [Lokacija], [Opis], [Odrzan]) VALUES (6, 4, CAST(N'2020-07-16T11:42:15.7944455' AS DateTime2), N'Veliki amfiteatar', N'', 1)

INSERT [dbo].[Cas] ([Id], [KursInstancaId], [DatumVrijemeOdrzavanja], [Lokacija], [Opis], [Odrzan]) VALUES (7, 4, CAST(N'2020-07-31T11:42:39.4909980' AS DateTime2), N'Veliki amfiteatar', N'', 1)

INSERT [dbo].[Cas] ([Id], [KursInstancaId], [DatumVrijemeOdrzavanja], [Lokacija], [Opis], [Odrzan]) VALUES (8, 8, CAST(N'2020-07-31T11:13:00.6601342' AS DateTime2), N'Učionica 7', N'Uvodni čas', 0)

SET IDENTITY_INSERT [dbo].[Cas] OFF

SET IDENTITY_INSERT [dbo].[Ispit] ON 

INSERT [dbo].[Ispit] ([Id], [KursInstancaId], [DatumVrijemeIspita], [Lokacija]) VALUES (1, 4, CAST(N'2020-07-03T12:10:50.1087685' AS DateTime2), N'Velika sala')

INSERT [dbo].[Ispit] ([Id], [KursInstancaId], [DatumVrijemeIspita], [Lokacija]) VALUES (2, 8, CAST(N'2020-08-07T11:12:10.5782708' AS DateTime2), N'Velika sala')

SET IDENTITY_INSERT [dbo].[Ispit] OFF

SET IDENTITY_INSERT [dbo].[IspitKlijentKursInstanca] ON 

INSERT [dbo].[IspitKlijentKursInstanca] ([Id], [IspitId], [KlijentKursInstancaId], [Prisustvovao], [Bodovi]) VALUES (1, 1, 4, 1, CAST(55.00 AS Decimal(18, 2)))

INSERT [dbo].[IspitKlijentKursInstanca] ([Id], [IspitId], [KlijentKursInstancaId], [Prisustvovao], [Bodovi]) VALUES (2, 1, 5, 1, CAST(65.00 AS Decimal(18, 2)))

INSERT [dbo].[IspitKlijentKursInstanca] ([Id], [IspitId], [KlijentKursInstancaId], [Prisustvovao], [Bodovi]) VALUES (3, 2, 8, 0, NULL)

SET IDENTITY_INSERT [dbo].[IspitKlijentKursInstanca] OFF


END